id	kind	source	symbol	line	sha256	strategy
E0000	build_time_eval	src/js/eval/feedback.ts	feedback	1	db6321c16d3426aa0ccb70d7f2417602441f355838e1ac998a78bac65ad47a88	build_time_only
E0001	build_time_eval	src/js/eval/fuzzilli-reprl.ts	fuzzilli-reprl	1	dec0b8268b53900d3fc2cd83ef0cd085ad479277d3d52b274a9f0d6b7bfb1b05	build_time_only
E0002	build_time_eval	src/js/eval/node-repl.ts	node-repl	1	d8b8453e70bb4848f975081bb5df31a88cdccb94fb7aebfa08f7deee232bb989	build_time_only
F0000	builtin_function	src/js/builtins/Bake.ts	renderRoutesForProdStatic	14	2a46fbb6e8946b1bb3e4e7a852714979e5d479656e14d6e5625240afbefbe0d0	generic_native
F0001	builtin_function	src/js/builtins/BakeSSRResponse.ts	wrapComponent	1	f674e4b0afe55aece30beea1b59a01975dc96ab619e0ece6677b2a02dea655bf	generic_native
F0002	builtin_function	src/js/builtins/BundlerPlugin.ts	loadAndResolvePluginsForServe	52	e5d8c129245d4d834b52643f4aae322180c7aed706fdd1214ac3907b7df2ca15	generic_native
F0003	builtin_function	src/js/builtins/BundlerPlugin.ts	runOnEndCallbacks	109	e5d8c129245d4d834b52643f4aae322180c7aed706fdd1214ac3907b7df2ca15	generic_native
F0004	builtin_function	src/js/builtins/BundlerPlugin.ts	runSetupFunction	157	e5d8c129245d4d834b52643f4aae322180c7aed706fdd1214ac3907b7df2ca15	generic_native
F0005	builtin_function	src/js/builtins/BundlerPlugin.ts	runOnResolvePlugins	400	e5d8c129245d4d834b52643f4aae322180c7aed706fdd1214ac3907b7df2ca15	generic_native
F0006	builtin_function	src/js/builtins/BundlerPlugin.ts	runOnLoadPlugins	500	e5d8c129245d4d834b52643f4aae322180c7aed706fdd1214ac3907b7df2ca15	generic_native
F0007	builtin_function	src/js/builtins/CommonJS.ts	main	4	1957d06bae985a325bf00c17ef6f35a65ee3ba804643a1ad0c1454e1cdb32bd4	generic_native
F0008	builtin_function	src/js/builtins/CommonJS.ts	require	10	1957d06bae985a325bf00c17ef6f35a65ee3ba804643a1ad0c1454e1cdb32bd4	generic_native
F0009	builtin_function	src/js/builtins/CommonJS.ts	overridableRequire	18	1957d06bae985a325bf00c17ef6f35a65ee3ba804643a1ad0c1454e1cdb32bd4	generic_native
F0010	builtin_function	src/js/builtins/CommonJS.ts	requireResolve	147	1957d06bae985a325bf00c17ef6f35a65ee3ba804643a1ad0c1454e1cdb32bd4	generic_native
F0011	builtin_function	src/js/builtins/CommonJS.ts	internalRequire	162	1957d06bae985a325bf00c17ef6f35a65ee3ba804643a1ad0c1454e1cdb32bd4	generic_native
F0012	builtin_function	src/js/builtins/CommonJS.ts	loadEsmIntoCjs	177	1957d06bae985a325bf00c17ef6f35a65ee3ba804643a1ad0c1454e1cdb32bd4	generic_native
F0013	builtin_function	src/js/builtins/CommonJS.ts	requireESM	320	1957d06bae985a325bf00c17ef6f35a65ee3ba804643a1ad0c1454e1cdb32bd4	generic_native
F0014	builtin_function	src/js/builtins/CommonJS.ts	requireESMFromHijackedExtension	331	1957d06bae985a325bf00c17ef6f35a65ee3ba804643a1ad0c1454e1cdb32bd4	generic_native
F0015	builtin_function	src/js/builtins/CommonJS.ts	createRequireCache	365	1957d06bae985a325bf00c17ef6f35a65ee3ba804643a1ad0c1454e1cdb32bd4	generic_native
F0016	builtin_function	src/js/builtins/CommonJS.ts	getWrapperArrayProxy	432	1957d06bae985a325bf00c17ef6f35a65ee3ba804643a1ad0c1454e1cdb32bd4	generic_native
F0017	builtin_function	src/js/builtins/CompressionStream.ts	initializeCompressionStream	1	da1f2945c3e79a4c2f5ef470b1edb977712e15e96b4d00a6b6caa27bc365d1b3	generic_native
F0018	builtin_function	src/js/builtins/CompressionStream.ts	readable	24	da1f2945c3e79a4c2f5ef470b1edb977712e15e96b4d00a6b6caa27bc365d1b3	generic_native
F0019	builtin_function	src/js/builtins/CompressionStream.ts	writable	30	da1f2945c3e79a4c2f5ef470b1edb977712e15e96b4d00a6b6caa27bc365d1b3	generic_native
F0020	builtin_function	src/js/builtins/ConsoleObject.ts	asyncIterator	2	05d8472921c509322dca33b98d6280d1437ff89d73c03912e7a78957e0e1effc	generic_native
F0021	builtin_function	src/js/builtins/ConsoleObject.ts	write	118	05d8472921c509322dca33b98d6280d1437ff89d73c03912e7a78957e0e1effc	generic_native
F0022	builtin_function	src/js/builtins/ConsoleObject.ts	createConsoleConstructor	144	05d8472921c509322dca33b98d6280d1437ff89d73c03912e7a78957e0e1effc	generic_native
F0023	builtin_function	src/js/builtins/DecompressionStream.ts	initializeDecompressionStream	1	ef7fe4ee75bfdbfbb0340e1de7118edeeddfa1080c7eb264c5860185503a29c2	generic_native
F0024	builtin_function	src/js/builtins/DecompressionStream.ts	readable	26	ef7fe4ee75bfdbfbb0340e1de7118edeeddfa1080c7eb264c5860185503a29c2	generic_native
F0025	builtin_function	src/js/builtins/DecompressionStream.ts	writable	32	ef7fe4ee75bfdbfbb0340e1de7118edeeddfa1080c7eb264c5860185503a29c2	generic_native
F0026	builtin_function	src/js/builtins/Fifo.ts	createFIFO	5	9bbf7e4753e7957cc6d7e94202dbe7578949a47991ec2890568c00ee5afba0ea	generic_native
F0027	builtin_function	src/js/builtins/Glob.ts	scan	6	a6a6551b9c7809e7a5bb230f49c13d959247698084b7ef58504e1bb7b19e3ebf	generic_native
F0028	builtin_function	src/js/builtins/Glob.ts	scanSync	15	a6a6551b9c7809e7a5bb230f49c13d959247698084b7ef58504e1bb7b19e3ebf	generic_native
F0029	builtin_function	src/js/builtins/ImportMetaObject.ts	main	4	ede9c9c74fadc4819e2f2d715389fe55f77c8a6944eb0482ca76f8e1f11cbf83	generic_native
F0030	builtin_function	src/js/builtins/Ipc.ts	serialize	148	5b5fa530189e83354af79c83f05c9cd75e5dfe15c1a5e55c404da95970db778c	generic_native
F0031	builtin_function	src/js/builtins/Ipc.ts	parseHandle	214	5b5fa530189e83354af79c83f05c9cd75e5dfe15c1a5e55c404da95970db778c	generic_native
F0032	builtin_function	src/js/builtins/JSBufferConstructor.ts	from	4	4a0179e972339c9bf4a84b9e59b27c70ea7907468292338d683f72983f3fb927	generic_native
F0033	builtin_function	src/js/builtins/JSBufferConstructor.ts	isBuffer	44	4a0179e972339c9bf4a84b9e59b27c70ea7907468292338d683f72983f3fb927	generic_native
F0034	builtin_function	src/js/builtins/JSBufferPrototype.ts	setBigUint64	11	47d02228d6c6edfcc6b17298eca06ce1bbabfdb9895ec2f32ac73a3caa2945cc	generic_native
F0035	builtin_function	src/js/builtins/JSBufferPrototype.ts	readInt8	19	47d02228d6c6edfcc6b17298eca06ce1bbabfdb9895ec2f32ac73a3caa2945cc	generic_native
F0036	builtin_function	src/js/builtins/JSBufferPrototype.ts	readUInt8	25	47d02228d6c6edfcc6b17298eca06ce1bbabfdb9895ec2f32ac73a3caa2945cc	generic_native
F0037	builtin_function	src/js/builtins/JSBufferPrototype.ts	readInt16LE	31	47d02228d6c6edfcc6b17298eca06ce1bbabfdb9895ec2f32ac73a3caa2945cc	generic_native
F0038	builtin_function	src/js/builtins/JSBufferPrototype.ts	readInt16BE	38	47d02228d6c6edfcc6b17298eca06ce1bbabfdb9895ec2f32ac73a3caa2945cc	generic_native
F0039	builtin_function	src/js/builtins/JSBufferPrototype.ts	readUInt16LE	45	47d02228d6c6edfcc6b17298eca06ce1bbabfdb9895ec2f32ac73a3caa2945cc	generic_native
F0040	builtin_function	src/js/builtins/JSBufferPrototype.ts	readUInt16BE	52	47d02228d6c6edfcc6b17298eca06ce1bbabfdb9895ec2f32ac73a3caa2945cc	generic_native
F0041	builtin_function	src/js/builtins/JSBufferPrototype.ts	readInt32LE	59	47d02228d6c6edfcc6b17298eca06ce1bbabfdb9895ec2f32ac73a3caa2945cc	generic_native
F0042	builtin_function	src/js/builtins/JSBufferPrototype.ts	readInt32BE	66	47d02228d6c6edfcc6b17298eca06ce1bbabfdb9895ec2f32ac73a3caa2945cc	generic_native
F0043	builtin_function	src/js/builtins/JSBufferPrototype.ts	readUInt32LE	73	47d02228d6c6edfcc6b17298eca06ce1bbabfdb9895ec2f32ac73a3caa2945cc	generic_native
F0044	builtin_function	src/js/builtins/JSBufferPrototype.ts	readUInt32BE	80	47d02228d6c6edfcc6b17298eca06ce1bbabfdb9895ec2f32ac73a3caa2945cc	generic_native
F0045	builtin_function	src/js/builtins/JSBufferPrototype.ts	readIntLE	87	47d02228d6c6edfcc6b17298eca06ce1bbabfdb9895ec2f32ac73a3caa2945cc	generic_native
F0046	builtin_function	src/js/builtins/JSBufferPrototype.ts	readIntBE	133	47d02228d6c6edfcc6b17298eca06ce1bbabfdb9895ec2f32ac73a3caa2945cc	generic_native
F0047	builtin_function	src/js/builtins/JSBufferPrototype.ts	readUIntLE	179	47d02228d6c6edfcc6b17298eca06ce1bbabfdb9895ec2f32ac73a3caa2945cc	generic_native
F0048	builtin_function	src/js/builtins/JSBufferPrototype.ts	readUIntBE	222	47d02228d6c6edfcc6b17298eca06ce1bbabfdb9895ec2f32ac73a3caa2945cc	generic_native
F0049	builtin_function	src/js/builtins/JSBufferPrototype.ts	readFloatLE	265	47d02228d6c6edfcc6b17298eca06ce1bbabfdb9895ec2f32ac73a3caa2945cc	generic_native
F0050	builtin_function	src/js/builtins/JSBufferPrototype.ts	readFloatBE	272	47d02228d6c6edfcc6b17298eca06ce1bbabfdb9895ec2f32ac73a3caa2945cc	generic_native
F0051	builtin_function	src/js/builtins/JSBufferPrototype.ts	readDoubleLE	279	47d02228d6c6edfcc6b17298eca06ce1bbabfdb9895ec2f32ac73a3caa2945cc	generic_native
F0052	builtin_function	src/js/builtins/JSBufferPrototype.ts	readDoubleBE	286	47d02228d6c6edfcc6b17298eca06ce1bbabfdb9895ec2f32ac73a3caa2945cc	generic_native
F0053	builtin_function	src/js/builtins/JSBufferPrototype.ts	readBigInt64LE	293	47d02228d6c6edfcc6b17298eca06ce1bbabfdb9895ec2f32ac73a3caa2945cc	generic_native
F0054	builtin_function	src/js/builtins/JSBufferPrototype.ts	readBigInt64BE	300	47d02228d6c6edfcc6b17298eca06ce1bbabfdb9895ec2f32ac73a3caa2945cc	generic_native
F0055	builtin_function	src/js/builtins/JSBufferPrototype.ts	readBigUInt64LE	307	47d02228d6c6edfcc6b17298eca06ce1bbabfdb9895ec2f32ac73a3caa2945cc	generic_native
F0056	builtin_function	src/js/builtins/JSBufferPrototype.ts	readBigUInt64BE	314	47d02228d6c6edfcc6b17298eca06ce1bbabfdb9895ec2f32ac73a3caa2945cc	generic_native
F0057	builtin_function	src/js/builtins/JSBufferPrototype.ts	writeInt8	321	47d02228d6c6edfcc6b17298eca06ce1bbabfdb9895ec2f32ac73a3caa2945cc	generic_native
F0058	builtin_function	src/js/builtins/JSBufferPrototype.ts	writeUInt8	332	47d02228d6c6edfcc6b17298eca06ce1bbabfdb9895ec2f32ac73a3caa2945cc	generic_native
F0059	builtin_function	src/js/builtins/JSBufferPrototype.ts	writeInt16LE	343	47d02228d6c6edfcc6b17298eca06ce1bbabfdb9895ec2f32ac73a3caa2945cc	generic_native
F0060	builtin_function	src/js/builtins/JSBufferPrototype.ts	writeInt16BE	354	47d02228d6c6edfcc6b17298eca06ce1bbabfdb9895ec2f32ac73a3caa2945cc	generic_native
F0061	builtin_function	src/js/builtins/JSBufferPrototype.ts	writeUInt16LE	365	47d02228d6c6edfcc6b17298eca06ce1bbabfdb9895ec2f32ac73a3caa2945cc	generic_native
F0062	builtin_function	src/js/builtins/JSBufferPrototype.ts	writeUInt16BE	376	47d02228d6c6edfcc6b17298eca06ce1bbabfdb9895ec2f32ac73a3caa2945cc	generic_native
F0063	builtin_function	src/js/builtins/JSBufferPrototype.ts	writeInt32LE	387	47d02228d6c6edfcc6b17298eca06ce1bbabfdb9895ec2f32ac73a3caa2945cc	generic_native
F0064	builtin_function	src/js/builtins/JSBufferPrototype.ts	writeInt32BE	398	47d02228d6c6edfcc6b17298eca06ce1bbabfdb9895ec2f32ac73a3caa2945cc	generic_native
F0065	builtin_function	src/js/builtins/JSBufferPrototype.ts	writeUInt32LE	409	47d02228d6c6edfcc6b17298eca06ce1bbabfdb9895ec2f32ac73a3caa2945cc	generic_native
F0066	builtin_function	src/js/builtins/JSBufferPrototype.ts	writeUInt32BE	420	47d02228d6c6edfcc6b17298eca06ce1bbabfdb9895ec2f32ac73a3caa2945cc	generic_native
F0067	builtin_function	src/js/builtins/JSBufferPrototype.ts	writeIntLE	431	47d02228d6c6edfcc6b17298eca06ce1bbabfdb9895ec2f32ac73a3caa2945cc	generic_native
F0068	builtin_function	src/js/builtins/JSBufferPrototype.ts	writeIntBE	483	47d02228d6c6edfcc6b17298eca06ce1bbabfdb9895ec2f32ac73a3caa2945cc	generic_native
F0069	builtin_function	src/js/builtins/JSBufferPrototype.ts	writeUIntLE	535	47d02228d6c6edfcc6b17298eca06ce1bbabfdb9895ec2f32ac73a3caa2945cc	generic_native
F0070	builtin_function	src/js/builtins/JSBufferPrototype.ts	writeUIntBE	586	47d02228d6c6edfcc6b17298eca06ce1bbabfdb9895ec2f32ac73a3caa2945cc	generic_native
F0071	builtin_function	src/js/builtins/JSBufferPrototype.ts	writeFloatLE	637	47d02228d6c6edfcc6b17298eca06ce1bbabfdb9895ec2f32ac73a3caa2945cc	generic_native
F0072	builtin_function	src/js/builtins/JSBufferPrototype.ts	writeFloatBE	646	47d02228d6c6edfcc6b17298eca06ce1bbabfdb9895ec2f32ac73a3caa2945cc	generic_native
F0073	builtin_function	src/js/builtins/JSBufferPrototype.ts	writeDoubleLE	655	47d02228d6c6edfcc6b17298eca06ce1bbabfdb9895ec2f32ac73a3caa2945cc	generic_native
F0074	builtin_function	src/js/builtins/JSBufferPrototype.ts	writeDoubleBE	664	47d02228d6c6edfcc6b17298eca06ce1bbabfdb9895ec2f32ac73a3caa2945cc	generic_native
F0075	builtin_function	src/js/builtins/JSBufferPrototype.ts	toJSON	673	47d02228d6c6edfcc6b17298eca06ce1bbabfdb9895ec2f32ac73a3caa2945cc	generic_native
F0076	builtin_function	src/js/builtins/JSBufferPrototype.ts	parent	680	47d02228d6c6edfcc6b17298eca06ce1bbabfdb9895ec2f32ac73a3caa2945cc	generic_native
F0077	builtin_function	src/js/builtins/JSBufferPrototype.ts	offset	685	47d02228d6c6edfcc6b17298eca06ce1bbabfdb9895ec2f32ac73a3caa2945cc	generic_native
F0078	builtin_function	src/js/builtins/NodeModuleObject.ts	_initPaths	3	ca5a63612e5a0d49a58dd198b09e0df4a4729c8cc940dc76a24bf0653095f12f	generic_native
F0079	builtin_function	src/js/builtins/Peek.ts	peek	1	25c30080ee286f1720ccdd15b7954b87a41253995dc28cb1cc8380a745a5ef22	generic_native
F0080	builtin_function	src/js/builtins/Peek.ts	peekStatus	5	25c30080ee286f1720ccdd15b7954b87a41253995dc28cb1cc8380a745a5ef22	generic_native
F0081	builtin_function	src/js/builtins/ProcessObjectInternals.ts	getStdioWriteStream	33	28961481ea7ee6a8e8f9eac24b6688046e8155d92e9a816e6eb02405fb926d6c	generic_native
F0082	builtin_function	src/js/builtins/ProcessObjectInternals.ts	getStdinStream	118	28961481ea7ee6a8e8f9eac24b6688046e8155d92e9a816e6eb02405fb926d6c	generic_native
F0083	builtin_function	src/js/builtins/ProcessObjectInternals.ts	initializeNextTickQueue	329	28961481ea7ee6a8e8f9eac24b6688046e8155d92e9a816e6eb02405fb926d6c	generic_native
F0084	builtin_function	src/js/builtins/ProcessObjectInternals.ts	windowsEnv	446	28961481ea7ee6a8e8f9eac24b6688046e8155d92e9a816e6eb02405fb926d6c	generic_native
F0085	builtin_function	src/js/builtins/ProcessObjectInternals.ts	getChannel	554	28961481ea7ee6a8e8f9eac24b6688046e8155d92e9a816e6eb02405fb926d6c	generic_native
F0086	builtin_function	src/js/builtins/UtilInspect.ts	getStylizeWithColor	4	5fa4a86ce3ea498eed2a59de059850e6a6b17a5a1e32f16d0f872deb0d1c20cb	generic_native
F0087	builtin_function	src/js/builtins/UtilInspect.ts	stylizeWithNoColor	17	5fa4a86ce3ea498eed2a59de059850e6a6b17a5a1e32f16d0f872deb0d1c20cb	generic_native
F0088	builtin_function	src/js/builtins/WasmStreaming.ts	consumeStream	1	8a3f9e20c0017a3c7ab022275e5439c1d14414aac9ee7024bb69f96ae2207faf	generic_native
F0089	builtin_function	src/js/builtins/shell.ts	createBunShellTemplateFunction	1	69c78550f361b01d0839753a46184f108167618ce520ebfd2dcc30f936635e05	generic_native
M0000	internal_module	src/js/bun/ffi.ts	bun/ffi	1	12fe8b487c21435a5da932d2f17ce7cf09be0e7360914ebedbbeb6775048a2bb	generic_native
M0001	internal_module	src/js/bun/sql.ts	bun/sql	1	cf52f6277512ce5daf3f6b5aaaf5d764a79ef112514b9707cad5b3de6b2b9569	generic_native
M0002	internal_module	src/js/bun/sqlite.ts	bun/sqlite	1	212783feb84acabb692061f6aa256e64acc37b501f8b242f4df8affd34fc8c81	generic_native
M0003	internal_module	src/js/internal-for-testing.ts	internal-for-testing	1	c1071d75c08908c5b0920ef487684fe852e5a971c307cc71d95a5f7f3a6fa3e0	generic_native
M0004	internal_module	src/js/internal/abort_listener.ts	internal/abort_listener	1	387ea758e847350feca57ac9d834682187a70e798bf416535201c5da0c69062f	generic_native
M0005	internal_module	src/js/internal/assert/assertion_error.ts	internal/assert/assertion_error	1	0bdeb0d4af7383123761764f47bfd1634ede1f24a52fce33b7ae6ffb9017762c	generic_native
M0006	internal_module	src/js/internal/assert/calltracker.ts	internal/assert/calltracker	1	e8cfa744a3ddc243319d545f4c1d63f4bc612f651ee87223c5e96305e7d5a997	generic_native
M0007	internal_module	src/js/internal/assert/myers_diff.ts	internal/assert/myers_diff	1	b608484981919590f0b533ca5a9ee43498efe2420ac92b59801a504d24f83954	generic_native
M0008	internal_module	src/js/internal/assert/utils.ts	internal/assert/utils	1	9aa39010ac81447dcd99f5fa2b3dfef5f25e73b779f1f5d5be9d754aff61cad2	generic_native
M0009	internal_module	src/js/internal/async_context_frame.ts	internal/async_context_frame	1	7a75016402e4e263d6f264052c05d6ec37936375d82c4fbdff5ba4f5f147e568	generic_native
M0010	internal_module	src/js/internal/async_hooks.ts	internal/async_hooks	1	d1f6a01d5f9c31e6fd884f58fc27d97781da9833159cab80b42415f432f7e477	generic_native
M0011	internal_module	src/js/internal/async_hooks_tick.ts	internal/async_hooks_tick	1	c88373d35b26653b3b208e6b77e9c8c25fb8e00581864b9a6ee8dc524937f31c	generic_native
M0012	internal_module	src/js/internal/buffer.ts	internal/buffer	1	5ffb62941e8ab6d17bb4676b7a802ae35cb11956e49bbdb3e8a348a42b30f0e4	generic_native
M0013	internal_module	src/js/internal/cluster/RoundRobinHandle.ts	internal/cluster/RoundRobinHandle	1	1a09018a4a7aebd906de324a4d51197671db0a2407c075ad922e57893d785739	generic_native
M0014	internal_module	src/js/internal/cluster/SharedHandle.ts	internal/cluster/SharedHandle	1	baea6761d8886d3624a3b2a3cdbd3039004fbf4e0aa76a66969c8a88614e47c4	generic_native
M0015	internal_module	src/js/internal/cluster/Worker.ts	internal/cluster/Worker	1	30362a87f7c074ef9b79be5cc340530a719ee3b18c25bcbbc67164cc6ec8dd7a	generic_native
M0016	internal_module	src/js/internal/cluster/child.ts	internal/cluster/child	1	ed325024409757c146a7def2ba07c5babedc730c7d10b5169de238ddb061aa4e	generic_native
M0017	internal_module	src/js/internal/cluster/isPrimary.ts	internal/cluster/isPrimary	1	775a406eb07dd4c49c74200b6356b19dfebe8fa3f25b206fb9a8148167adcf48	generic_native
M0018	internal_module	src/js/internal/cluster/primary.ts	internal/cluster/primary	1	250e4b30719ba8fbe788c139a900540ac4963222d53948133f8e2ff56224d2de	generic_native
M0019	internal_module	src/js/internal/crypto/x509.ts	internal/crypto/x509	1	989e03ffaecc063622ab2acbe88d114b1d29ef312e99ffe4f656133389d71072	generic_native
M0020	internal_module	src/js/internal/debugger.ts	internal/debugger	1	121667445a6e339d358b56f6588b565719660ed395d231fb8fb256bfdc27d219	generic_native
M0021	internal_module	src/js/internal/dgram.ts	internal/dgram	1	2d93b514e505eec9ca9773261214468b433e506c55acc1f33edc8ce5673b5d6c	generic_native
M0022	internal_module	src/js/internal/errors.ts	internal/errors	1	f3d508ef09c1410ad6232e0a256c15a8fa549988eec7bcb002626ba4c8a45917	generic_native
M0023	internal_module	src/js/internal/fifo.ts	internal/fifo	1	82f14e44af5b0951d884fa40b1b023e3a1fd164cd80b47f770c2d198a132fa17	generic_native
M0024	internal_module	src/js/internal/fixed_queue.ts	internal/fixed_queue	1	403911bc604b8ecb6a6069d5177ff1a5a0ab0689edbce1c42cabac73a8964be9	generic_native
M0025	internal_module	src/js/internal/freelist.ts	internal/freelist	1	98cd69dda30f4fe388607c24cb886012b3f109a62f606f97c140ecbf060917f3	generic_native
M0026	internal_module	src/js/internal/fs/binding.ts	internal/fs/binding	1	5080606da0e5623fcedc4d69dfb29bbe87638f4c5f3b457efd4ee7b37df5e0dd	generic_native
M0027	internal_module	src/js/internal/fs/cp-sync.ts	internal/fs/cp-sync	1	8e152108cefe505ed31e5eeae11c9e9305e126a2b8b25723038984dd0dc7935b	generic_native
M0028	internal_module	src/js/internal/fs/cp.ts	internal/fs/cp	1	934efbc90eaedc859fa10fd456397950fc0f3c88fbb1b0b1ddbbd32f0d84125a	generic_native
M0029	internal_module	src/js/internal/fs/glob.ts	internal/fs/glob	1	aedb046c0594c3ace803bae2cde0a42d6083c9c2d04b02a050f1cacac805c103	generic_native
M0030	internal_module	src/js/internal/fs/streams.ts	internal/fs/streams	1	76b1f24c0baaef87b61d72ae24b8b34885ef950ca2a61cb3e62f76ddcf3f2d3e	generic_native
M0031	internal_module	src/js/internal/fs/watch.ts	internal/fs/watch	1	9f2f42dd6193507ec19176aa847156997c45abd5adc323c43f0aee2eba8cbbbb	generic_native
M0032	internal_module	src/js/internal/fs/watchfile.ts	internal/fs/watchfile	1	8ef0dcb6543326c33354f9dec652f4899d5804d6b95fc8d5ee7d56cc8848f804	generic_native
M0033	internal_module	src/js/internal/html.ts	internal/html	1	359945bc97727f20e46a514820a79ac0a6039844b8af47303f8e0e95619c69b5	generic_native
M0034	internal_module	src/js/internal/http.ts	internal/http	1	3048c27ce282a5514c21581bacf0ba60e77968cd25b353d532605cbd7387d7a3	generic_native
M0035	internal_module	src/js/internal/http/FakeSocket.ts	internal/http/FakeSocket	1	7b9122eb1408fc117041fd55a30dc9bb8b6111c554e4b58f29b4da2a527dc8a4	generic_native
M0036	internal_module	src/js/internal/inspector/cdp.ts	internal/inspector/cdp	1	e1778fc49ac977a7e3994b09375a3e4ce5eacc2e308ff88076ab45017aa76cc9	generic_native
M0037	internal_module	src/js/internal/linkedlist.ts	internal/linkedlist	1	e0dbba01690122f687514d287fcb45661e8d33399e741dbc45feb51e13a30864	generic_native
M0038	internal_module	src/js/internal/net/isIP.ts	internal/net/isIP	1	50d1a759a8928e488d5f31a9a2954212a45292a7559ee918fca892eadcae6802	generic_native
M0039	internal_module	src/js/internal/net/symbols.ts	internal/net/symbols	1	33d24fccc07f45ec7d0ba21df922f7a11ad3e70faa0aa8115719e09f8f6b299a	generic_native
M0040	internal_module	src/js/internal/perf_hooks/monitorEventLoopDelay.ts	internal/perf_hooks/monitorEventLoopDelay	1	b06887340803e8e5e10ffbc85073fd0ab3bc298f3512a39b765886ec560b0b6f	generic_native
M0041	internal_module	src/js/internal/primordials.js	internal/primordials	1	74c2ee151381493e4a63c1d93d6e8b9e5f3f662eda6dd39e033da425fb93b535	generic_native
M0042	internal_module	src/js/internal/process/pre_execution.ts	internal/process/pre_execution	1	b02c07c31c1cfcf8c66ff7ca5aa595a13f8b55f21433f9c854614fcdb2617b75	generic_native
M0043	internal_module	src/js/internal/promisify.ts	internal/promisify	1	49d7ee00f724bd7470b37943624cd795f791edd8c09eb858bca8234e2521c256	generic_native
M0044	internal_module	src/js/internal/quic/binding.ts	internal/quic/binding	1	51c9c6d9431de15da44ea727dd550fffe7a440fcd1cf5b328ec403b2faa8f594	generic_native
M0045	internal_module	src/js/internal/quic/diagnostics.ts	internal/quic/diagnostics	1	564dfce0306553fc8c7d3872c8f7918c638c6936557263d110451e1b26915a59	generic_native
M0046	internal_module	src/js/internal/quic/http2util.ts	internal/quic/http2util	1	fe377bf4327d3f89c54a72afe7a670f67fb7497eb4c8ad8593b64e07550682bc	generic_native
M0047	internal_module	src/js/internal/quic/quic.ts	internal/quic/quic	1	6c10a5a02651bed1acf28d75cc0ea4311e9efe2d77e3d11a62e31425382084a4	generic_native
M0048	internal_module	src/js/internal/quic/state.ts	internal/quic/state	1	29ec4581e67bc02f7c8d967719fffaa7bd4b1c61a43abaaf706c46adde70d64a	generic_native
M0049	internal_module	src/js/internal/quic/stats.ts	internal/quic/stats	1	26bc04bfed3a4c4685c4bc5044cf6d6daf87fd3e92eebc789cd09dea552492a3	generic_native
M0050	internal_module	src/js/internal/quic/symbols.ts	internal/quic/symbols	1	3bb53a364d8637e3584a1ef628c460eaf0acd1d87d82cf788dbb5754d7a558dc	generic_native
M0051	internal_module	src/js/internal/readline/callbacks.js	internal/readline/callbacks	1	76d8df72c2111e284907c12c1ea11fe060a8a1b18dfce6c6e1c85a95402c0d14	generic_native
M0052	internal_module	src/js/internal/readline/emitKeypressEvents.js	internal/readline/emitKeypressEvents	1	0f1c14099a9eb704652454e56d4a8a5dc274238401e2968b356f35d11f5f7400	generic_native
M0053	internal_module	src/js/internal/readline/interface.js	internal/readline/interface	1	145e887925a0eca9e4d8cf98145d07fd0717a40783dada6dc494ff3c32e3e25e	generic_native
M0054	internal_module	src/js/internal/readline/promises.js	internal/readline/promises	1	67ee12ed64b0f7423b723f245700643d2c5104ce70858e9d754d99f3943b8d20	generic_native
M0055	internal_module	src/js/internal/readline/utils.js	internal/readline/utils	1	d98425ad6ead4acb34d1cfed27325fb8f84a9fe77326baedc83209213b311f23	generic_native
M0056	internal_module	src/js/internal/repl.js	internal/repl	1	9975f28bfd5934a9cbb38246a2c203e26b4ab217b4adfa82247baaeafa01b243	generic_native
M0057	internal_module	src/js/internal/repl/acorn-walk.js	internal/repl/acorn-walk	1	62af3c9ee5b9676a8dbcddc05a16c2090f567e255aadd7c3a5d9a5919f461ea1	generic_native
M0058	internal_module	src/js/internal/repl/acorn.js	internal/repl/acorn	1	e3880055f6885dc584c0a77d284bd835d1959de80cc1134e350caccbfbb0dea4	generic_native
M0059	internal_module	src/js/internal/repl/await.js	internal/repl/await	1	10eb0e062774784bc82d2971aa3b14882ba3eea9460a046ce50751e90936225f	generic_native
M0060	internal_module	src/js/internal/repl/completion.js	internal/repl/completion	1	e873a639dfa58607c8dc5dc4315ba7ab58e2e91b6397f836b00d9fc5bbde3d9d	generic_native
M0061	internal_module	src/js/internal/repl/history.js	internal/repl/history	1	150bdc5a94ea10a965774c907baafae837bb72c239e268f37f461d567dbedfd7	generic_native
M0062	internal_module	src/js/internal/repl/mode.js	internal/repl/mode	1	525244b2f7e0617c05a6bc59528418bbaab8bd99c29a724f18259e3733b33251	generic_native
M0063	internal_module	src/js/internal/repl/node-errors.js	internal/repl/node-errors	1	f0bb1f70c263fed0bfcfd863687787bdd4522b56e0c3903c15f76e82424c9173	generic_native
M0064	internal_module	src/js/internal/repl/node-inspect.js	internal/repl/node-inspect	1	401a17312940fc35c2b85c86318b8b0b7def431b975faccb13a10fb15bc7d177	generic_native
M0065	internal_module	src/js/internal/repl/node-primordials.js	internal/repl/node-primordials	1	40fcb706bb7c6ce1c1bcad51f45af95c4366d97ab10c060f069cb5e44d0675a5	generic_native
M0066	internal_module	src/js/internal/repl/node-shims.js	internal/repl/node-shims	1	5cb36f8a94c940e08f57c3921b3fceecd0b6100c01254d33c003d65a9573fc59	generic_native
M0067	internal_module	src/js/internal/repl/utils.js	internal/repl/utils	1	5615b8d268dd9a80ff7ce4165ea0fa63ff885a2f7ac01dd0159fc0308e5d2298	generic_native
M0068	internal_module	src/js/internal/shared.ts	internal/shared	1	a087bb0799f15b8d0dc6403b9769cc96d5a298f83656d0e921a5d924b59f06c6	generic_native
M0069	internal_module	src/js/internal/sql/errors.ts	internal/sql/errors	1	93ef9a8aab24a80ac273148cf4c9c288002007ae8d92bc993c4d5d554ec3b2b7	generic_native
M0070	internal_module	src/js/internal/sql/mysql.ts	internal/sql/mysql	1	9be88f31f17197c2381db6c118a7cd988205b06dbbf05971d2155282921c51c5	generic_native
M0071	internal_module	src/js/internal/sql/postgres.ts	internal/sql/postgres	1	e35a1c380145f620e7a5f4e318583fbea9b4ab7026a284830048074c0f2680b8	generic_native
M0072	internal_module	src/js/internal/sql/query.ts	internal/sql/query	1	85ef6e59296d9444ec3ba4607081cd4a83b80297f41a448054e426bb8306a635	generic_native
M0073	internal_module	src/js/internal/sql/shared.ts	internal/sql/shared	1	516ec13399563c5cfc1fe07fb83b0cf24fd7f1509fde7dacbed7a4f5a7f2a5ac	generic_native
M0074	internal_module	src/js/internal/sql/sqlite.ts	internal/sql/sqlite	1	e90f1745b173d1e6eda80c2c1e1792ac18e6db211a48de8d791e46586d37b569	generic_native
M0075	internal_module	src/js/internal/stream.promises.ts	internal/stream.promises	1	ca21f9e5dbdc1f62f0aee03786c39fe29ddb66fa7d7f9c1d707f7ae26075b497	generic_native
M0076	internal_module	src/js/internal/stream.ts	internal/stream	1	8ad24d27607b161ea81f4b745b5efa7f8ea36d5814868f9bbf510e2e97c5b2c3	generic_native
M0077	internal_module	src/js/internal/streams/add-abort-signal.ts	internal/streams/add-abort-signal	1	1f4f306c1e8278d2317a91c969d0d3a58662a632a321a97b0f546297a9e5376c	generic_native
M0078	internal_module	src/js/internal/streams/compose.ts	internal/streams/compose	1	39a8a2326ce32050ebf59a8dca729cb4805c8d3a5b967935abf8ac5505db0059	generic_native
M0079	internal_module	src/js/internal/streams/destroy.ts	internal/streams/destroy	1	f6725044ad4f72ea8329fcc94f5f615eaa3f9be7496a901a42e9ba946e4e91e0	generic_native
M0080	internal_module	src/js/internal/streams/duplex.ts	internal/streams/duplex	1	6e1ed214733c72c1c0eb6bbd58a3e8d3110c08ee7c889d3ad0c750d5d95e5058	generic_native
M0081	internal_module	src/js/internal/streams/duplexify.ts	internal/streams/duplexify	1	ce660465fd57c55cb61f247fd7061319d877fa41267fd5385f22581a273a875f	generic_native
M0082	internal_module	src/js/internal/streams/duplexpair.ts	internal/streams/duplexpair	1	7bf27b1bbe74d8f89cef164e6281166902c82aafd3fb694da32f6b7d17174957	generic_native
M0083	internal_module	src/js/internal/streams/end-of-stream.ts	internal/streams/end-of-stream	1	166b4d50dfeb080e04ce9d2ad806a74a161d7dab11a6a4b9f52dd7fd5b777d30	generic_native
M0084	internal_module	src/js/internal/streams/fast-utf8-stream.ts	internal/streams/fast-utf8-stream	1	59781faf637bdda10f0843949d0e480a41f516f842a274fe0f9dfffabe1e6bea	generic_native
M0085	internal_module	src/js/internal/streams/from.ts	internal/streams/from	1	120e8f47dac92b0ba33050f258dc1e1c878f779819a1ff9cdb133d00fea91315	generic_native
M0086	internal_module	src/js/internal/streams/iter/broadcast.ts	internal/streams/iter/broadcast	1	f683f5c129dd6b4cf06db4c063bb212c2bc1602eb67cbeb365276e4dc361ff77	generic_native
M0087	internal_module	src/js/internal/streams/iter/classic.ts	internal/streams/iter/classic	1	16899307e343659c7ccda5263a7b0d17a201639ecd2e891cda8cb990e9d85c40	generic_native
M0088	internal_module	src/js/internal/streams/iter/consumers.ts	internal/streams/iter/consumers	1	5250ea3c835c1f9bec57ad0225321c1711d94f59f34d9ea03fced87bb6478cc6	generic_native
M0089	internal_module	src/js/internal/streams/iter/duplex.ts	internal/streams/iter/duplex	1	0abcb604351e38c3d82652342da3b3bd48f8dbd71592724e997a08c28bbec91c	generic_native
M0090	internal_module	src/js/internal/streams/iter/from.ts	internal/streams/iter/from	1	7c656cc4ded907c1db86b5c7941097befdbb7cfafcb312d7925303a60497c02e	generic_native
M0091	internal_module	src/js/internal/streams/iter/pull.ts	internal/streams/iter/pull	1	2b907325d99d4b783d0db416716d2be6b39e00a0720f6d5cb638f8b49f9c572c	generic_native
M0092	internal_module	src/js/internal/streams/iter/push.ts	internal/streams/iter/push	1	5b69baa820f90ce7be83168afc2ddfa044da611333ce6d5bf47dfdaaf2866eab	generic_native
M0093	internal_module	src/js/internal/streams/iter/ringbuffer.ts	internal/streams/iter/ringbuffer	1	c0deb890fc8d17da622d1bbfd34a42ee5449af02f80edccc2a5d827db867f8c1	generic_native
M0094	internal_module	src/js/internal/streams/iter/share.ts	internal/streams/iter/share	1	2f25709c9bd11818ea2be09d52203803ab22ed6cc8941a5800c3544066330667	generic_native
M0095	internal_module	src/js/internal/streams/iter/transform.ts	internal/streams/iter/transform	1	47890c8b87afcdc265441d4c12c3c2ac49767ae23cbffb3ca56eddabb9b2f7b8	generic_native
M0096	internal_module	src/js/internal/streams/iter/types.ts	internal/streams/iter/types	1	efb5fc18e005efe5d2ea2a118d445cba18073be12ed2e5cebd61ba8873dc8da7	generic_native
M0097	internal_module	src/js/internal/streams/iter/utils.ts	internal/streams/iter/utils	1	148c52784951db55a31590789cb28eb5929823dae5a53bcb737bec208be79416	generic_native
M0098	internal_module	src/js/internal/streams/lazy_transform.ts	internal/streams/lazy_transform	1	14850c33b88e4561d45cf5dc933c24d14a36afc02fe0f76b19eed291a564a372	generic_native
M0099	internal_module	src/js/internal/streams/legacy.ts	internal/streams/legacy	1	c73d5bdf6b9a56043a5b9b8626dfd62485d562b59107676d5f23d85372a23c35	generic_native
M0100	internal_module	src/js/internal/streams/native-readable.ts	internal/streams/native-readable	1	57d856c3deb3dafec35a300fb093f3042f3854292a93c1e9df39bc6c46fc0e1d	generic_native
M0101	internal_module	src/js/internal/streams/operators.ts	internal/streams/operators	1	7954efc59619bb34a1e25d23dbf64e1142af5d709c6a90a33f5365c08ce6140f	generic_native
M0102	internal_module	src/js/internal/streams/passthrough.ts	internal/streams/passthrough	1	f488d3a2e57a54b236b165a5fd19026be0526b6e7b31417906ccb387bf7ea351	generic_native
M0103	internal_module	src/js/internal/streams/pipeline.ts	internal/streams/pipeline	1	fe46bc2654ada1bde8f4f956db84c0989febd9ce3de5f29413e9380764e90ad4	generic_native
M0104	internal_module	src/js/internal/streams/readable.ts	internal/streams/readable	1	359c85f5ad12af65496db0fc1fb9bf0ba4eee49201930c922fbd074ed951cf3b	generic_native
M0105	internal_module	src/js/internal/streams/state.ts	internal/streams/state	1	f691bdb580cea46dd371c35808dd1837c31e8e1fe2fe9ab59395a0b02f96898e	generic_native
M0106	internal_module	src/js/internal/streams/transform.ts	internal/streams/transform	1	d0359e966f669c7ccab0d4cd3e19898f814dba537e355efa2b03a751f7965174	generic_native
M0107	internal_module	src/js/internal/streams/utils.ts	internal/streams/utils	1	8a400fb1b92eb8ac851435c93f5f18427e66b8b0d8e2ef876f63d5c849992301	generic_native
M0108	internal_module	src/js/internal/streams/writable.ts	internal/streams/writable	1	2020d871a5b4342310093ece7664c8fbdd2999b5784f7c540b10565655fca79b	generic_native
M0109	internal_module	src/js/internal/test/binding.ts	internal/test/binding	1	27ae6808d8820e1abb75453124b9f50f21123b5e21d6be73aec528b91360044f	generic_native
M0110	internal_module	src/js/internal/test_runner/mock_timers.ts	internal/test_runner/mock_timers	1	d893503976292e5733c302ef6d83e9b569dc11b8e92c6a5c90fd7875d429153d	generic_native
M0111	internal_module	src/js/internal/timers.ts	internal/timers	1	ef4265ceb14d75668a2e4d7833f1f4927ff3678e1de0013e8d7b3c0967a8f4fe	generic_native
M0112	internal_module	src/js/internal/tls.ts	internal/tls	1	f9e402da6732e3129fbf0d80485e864578ad009882b5982ad2b221b1e9e1914d	generic_native
M0113	internal_module	src/js/internal/trace_events.ts	internal/trace_events	1	b6bcfb24914fb20fb209ab7fcc3656bf118558cc583d98aadbb9232d76980dad	generic_native
M0114	internal_module	src/js/internal/tty.ts	internal/tty	1	4dcf7c6f165a58a79b3608facafd79956f72bd62288769681e778120a4e51b4c	generic_native
M0115	internal_module	src/js/internal/url.ts	internal/url	1	5493325c9d52b47ee8278bf03af8a869447d99d86bcfc0e98a92850ec7ee6d37	generic_native
M0116	internal_module	src/js/internal/util/colors.ts	internal/util/colors	1	ffcaf331f35ab6b84ee7966d3583b7f8693714dc896ca29019f405209bebaee9	generic_native
M0117	internal_module	src/js/internal/util/deprecate.ts	internal/util/deprecate	1	7bd984180ae72a59fdd53cb12e86393dadae49c153fbbcba8fb502226fe089b8	generic_native
M0118	internal_module	src/js/internal/util/inspect.js	internal/util/inspect	1	70d6e7e187d186a72aeeabc26f1d845b546597c5371ce0451352b2c2c4b42354	generic_native
M0119	internal_module	src/js/internal/util/mime.ts	internal/util/mime	1	90896d061c704a5b23f70eb0f6d1f328b767350ec5fef72bf65981bd71664fd2	generic_native
M0120	internal_module	src/js/internal/validators.ts	internal/validators	1	f03ade88efca18151c8fe2b2110d4a9d5868ff82efd4d22cd397a266bbb427c3	generic_native
M0121	internal_module	src/js/internal/webstreams_adapters.ts	internal/webstreams_adapters	1	eb51a7af6bc8741cea0bb9b642b8ac459a57a37019b5a7b837bd7d0fc4642aa4	generic_native
M0122	internal_module	src/js/internal/worker/messaging.ts	internal/worker/messaging	1	882009fb570c86537b22927559ef9a0bd34ed62e743e48d49b694160ae1ef265	generic_native
M0123	internal_module	src/js/node/_http2_upgrade.ts	node/_http2_upgrade	1	76027b4dd327d9fc772b67f3fa7d2b328d8522e1b7297f39616c4549837cdcc5	generic_native
M0124	internal_module	src/js/node/_http_agent.ts	node/_http_agent	1	0beb6bfba92eae20d7f01190d38b94107b3084933a4a001fe492e239444603cc	generic_native
M0125	internal_module	src/js/node/_http_client.ts	node/_http_client	1	21535a767c22dd20126289c9430e0d1b0f528d5330dca6a37d8f47ea8bfa5c34	generic_native
M0126	internal_module	src/js/node/_http_common.ts	node/_http_common	1	a823f561a280a631e1fa75fc231a779599319de17e999e36496f33eafe84b13a	generic_native
M0127	internal_module	src/js/node/_http_incoming.ts	node/_http_incoming	1	afdd8ded4d912ed92da2cb3b6da58f8b8d3dfb7f64e8b9d21f8ae1973258ddbe	generic_native
M0128	internal_module	src/js/node/_http_outgoing.ts	node/_http_outgoing	1	7ab3203338e7bc7cde51e71a3df4b522a2eea2041ec65f2f63ae7cea943e2895	generic_native
M0129	internal_module	src/js/node/_http_server.ts	node/_http_server	1	f0afdb274d761db8c9f392b3596f46bd4e48661d33765e6bfaf3ec4e476aabda	generic_native
M0130	internal_module	src/js/node/_stream_duplex.ts	node/_stream_duplex	1	58ec7d80b1ecef68f7c57900f9ab54cde3c77a0834d03f12384d725a0fb0a57b	generic_native
M0131	internal_module	src/js/node/_stream_passthrough.ts	node/_stream_passthrough	1	7ca14071d67c274789a31378be9b57f759e6a4a5d97138d855359ec526f28529	generic_native
M0132	internal_module	src/js/node/_stream_readable.ts	node/_stream_readable	1	3051a31068e3e4e20cd81da5955ecf2f1c43178783d2f50abfe04af414ea3e23	generic_native
M0133	internal_module	src/js/node/_stream_transform.ts	node/_stream_transform	1	33af09553cfeea5589829e86d1cfbca934c05bd442b02d060f4d48dcb56495b0	generic_native
M0134	internal_module	src/js/node/_stream_wrap.ts	node/_stream_wrap	1	8c0a9963fce34461c6e190dbc08dace6b64d538ac718a892352a86d7e4589c12	generic_native
M0135	internal_module	src/js/node/_stream_writable.ts	node/_stream_writable	1	f51b97d815bcc662412b3647cfada0e7289da9305296d2e45455c47f39629610	generic_native
M0136	internal_module	src/js/node/_tls_common.ts	node/_tls_common	1	87cf743b0ffbcc7d8b9868666ec0162721661f2941101d1add2e37f525b929d7	generic_native
M0137	internal_module	src/js/node/assert.strict.ts	node/assert.strict	1	a20b43bfcfa587176392a1afca258640b04a5c87660dabe052fbe40dcae936a1	generic_native
M0138	internal_module	src/js/node/assert.ts	node/assert	1	ae43e1cb5c9e088f5cd5c97713fa0ee32dac22d4e2f5c706b22b9eb06c4f3ed3	generic_native
M0139	internal_module	src/js/node/async_hooks.ts	node/async_hooks	1	62100684821e230080b733f4af23e1923935f477b79d13250b6f72d1c0982336	generic_native
M0140	internal_module	src/js/node/child_process.ts	node/child_process	1	217348d7eba6dd8249a5a33a96a050e179617346e0c2f7f307216b1662ebcbd9	generic_native
M0141	internal_module	src/js/node/cluster.ts	node/cluster	1	e23f5d358ac00a157e7305ca6df8993b871cb5b937eb32004dfb633187314d53	generic_native
M0142	internal_module	src/js/node/console.ts	node/console	1	929f6941231613a314d87a25503a04912c9c084a4352475c36930c233b472bf0	generic_native
M0143	internal_module	src/js/node/crypto.ts	node/crypto	1	51c33e49af09e4407f86133103d47ddc1bb25e555d161178b7718eeb9068ad25	generic_native
M0144	internal_module	src/js/node/dgram.ts	node/dgram	1	edccaf274e5fc06b505b78fe385a56aa6fbd40aece522e1c5ec973e77c9baca6	generic_native
M0145	internal_module	src/js/node/diagnostics_channel.ts	node/diagnostics_channel	1	c62591ed02f410b5ca4abf8d3d062fc66b35fb05c63c4851517d8feb465a14c9	generic_native
M0146	internal_module	src/js/node/dns.promises.ts	node/dns.promises	1	1ad6d40c4625b8ea66e340d82c104777bd1c8121ca49bdba045692ec1499acd8	generic_native
M0147	internal_module	src/js/node/dns.ts	node/dns	1	c4ae52db888afdc1aba6b3f7bfba0acee3eb4747d5fba04e18783b4f32c10fcd	generic_native
M0148	internal_module	src/js/node/domain.ts	node/domain	1	cd40041e4784aa3256835ff479cfb70fb819ad319429c5ebbc70609b245d6528	generic_native
M0149	internal_module	src/js/node/events.ts	node/events	1	d3b55d6de2e5d9c9b33d8246e52e5a1763c990c1012a9c92c4563235d8abcb68	generic_native
M0150	internal_module	src/js/node/fs.promises.ts	node/fs.promises	1	356d2047f9e2a4c5fd363a764d879da94ad8f4a0d532f5f34395e07874870ac6	generic_native
M0151	internal_module	src/js/node/fs.ts	node/fs	1	a1030dcd5a4e832fbb21002dc32dbe039b84eedd8a8ac802fb8a71791ac53e37	generic_native
M0152	internal_module	src/js/node/http.ts	node/http	1	2a100c259ca87f4c3882722dda8333578165a429008a9776da60e2eb72682403	generic_native
M0153	internal_module	src/js/node/http2.ts	node/http2	1	31bd2dd26c17dda2e1e1637c4288b7a1088c1654a7152427a199b68b7295ce5b	generic_native
M0154	internal_module	src/js/node/https.ts	node/https	1	d4ebc971fd555b0249daae9aa4d5825f027b29c26c81507da7f84493375373f0	generic_native
M0155	internal_module	src/js/node/inspector.promises.ts	node/inspector.promises	1	1be51af4960fe3c13480dfa2c461d9eaec7bda7c81c07b680b583ff7776364f9	generic_native
M0156	internal_module	src/js/node/inspector.ts	node/inspector	1	f33c9788e66ff3a3ebf601b9ee7d8fa1bbe94329a5bf9bbc0302a66a99ea7e38	generic_native
M0157	internal_module	src/js/node/net.ts	node/net	1	e57345fc5782de55085582196f0c326870c3021beb58ebf977c27f5787e1c3f4	generic_native
M0158	internal_module	src/js/node/os.ts	node/os	1	15372681667e87879b9a813b62757f641e8ced2c41d2a0767164fcb123fc1170	generic_native
M0159	internal_module	src/js/node/path.posix.ts	node/path.posix	1	a58f61243cfdc02bef6ee41fe640ada2c182ba893d628596654fe42c0083e2d3	generic_native
M0160	internal_module	src/js/node/path.ts	node/path	1	11a2bc6353f4c400f6600bb96b851c2a4a3317951eeee2ccdbafd3b97b6b4c00	generic_native
M0161	internal_module	src/js/node/path.win32.ts	node/path.win32	1	1238c61723f427af3b3ac055f0e31840ab31e3c0d3b6cfa0265c5bfa90c6280c	generic_native
M0162	internal_module	src/js/node/perf_hooks.ts	node/perf_hooks	1	15d9c78e4e87aadb2a05d05d59e9f5411b65a5286a1f6daf5673732379b96268	generic_native
M0163	internal_module	src/js/node/punycode.ts	node/punycode	1	f26fbd556b1d9539b7e18803a8e1b5b13f82f9a9aba0a1de6c8e6fdca03ec0c8	generic_native
M0164	internal_module	src/js/node/querystring.ts	node/querystring	1	191bc051cf664753fdee606c831d7321555f9abf729098646eb14e622f9711e0	generic_native
M0165	internal_module	src/js/node/quic.ts	node/quic	1	ea12cc4ad263f9d315c7989889b87ce81d6893a23ca58b9641663d30f99fa1ee	generic_native
M0166	internal_module	src/js/node/readline.js	node/readline	1	dba4d87b59b9ecceb4eb8acd8daba0daade70e49b3790b1e8f211a75c8f40788	generic_native
M0167	internal_module	src/js/node/readline.promises.js	node/readline.promises	1	b0b645263afbfa33d01137aa950f58d05b0e4d76310dcebe181b55f83c8abfe5	generic_native
M0168	internal_module	src/js/node/repl.js	node/repl	1	9791d029609965de7f835ab1047234ad4b59ac0d51ea9a487e41edb6991fcabc	generic_native
M0169	internal_module	src/js/node/stream.consumers.ts	node/stream.consumers	1	5558c0dfc267a1816cbafc3f90a65cddcb031f1e39f23c1ecea5af689894defd	generic_native
M0170	internal_module	src/js/node/stream.iter.ts	node/stream.iter	1	525328e43713d46eb95f9934b13a0ffc2afd9b745b53f69608cecda3e9af3e73	generic_native
M0171	internal_module	src/js/node/stream.promises.ts	node/stream.promises	1	5e76707f476e7ea52a5ebcf2dcce33186304ad2ba3a43ffcd31b4ebfd7c9ef0b	generic_native
M0172	internal_module	src/js/node/stream.ts	node/stream	1	5a0ef698ab60ab0da0242e2fd515f4382df9282482a6bdc478c8740b977fee33	generic_native
M0173	internal_module	src/js/node/stream.web.ts	node/stream.web	1	1c501d65a158334604784a142757e61d89dc4b2d7b6fc4dbebde70284c2bb50d	generic_native
M0174	internal_module	src/js/node/test.ts	node/test	1	3025cab3042b1371a6dcbef906aac829b489e7842133bb19a33daae44190c794	generic_native
M0175	internal_module	src/js/node/timers.promises.ts	node/timers.promises	1	cece2668d7043c8b238dc8a73cfc1332d7f2393b3568e6b3f8a0d2ee6f75676f	generic_native
M0176	internal_module	src/js/node/timers.ts	node/timers	1	2d56fc62395ed23b0ec546f9beb991ff5b9f7dd15374152463841a82efe93134	generic_native
M0177	internal_module	src/js/node/tls.ts	node/tls	1	18cd130e40c26414317bf53055b769fb726d1db642b6c796f1fd0bd7cc4367bb	generic_native
M0178	internal_module	src/js/node/trace_events.ts	node/trace_events	1	cde094d0138710c107ebadd92e1d659ee0a21cb10743e3ba1fa5f3eaea2417e1	generic_native
M0179	internal_module	src/js/node/tty.ts	node/tty	1	01418f4412031c7ad0366b0129eac8b2e2e396616ac30e1a8948af795abba12d	generic_native
M0180	internal_module	src/js/node/url.ts	node/url	1	c805b115e37012e05e77ecdfd80076f7cf8f10a29df9976a066c71a3022c27be	generic_native
M0181	internal_module	src/js/node/util.ts	node/util	1	051d3b518047c024c3e60c2c0ecdf23842ce352c0394e2a924e535ffa14622c7	generic_native
M0182	internal_module	src/js/node/v8.ts	node/v8	1	b382f4e89b796757375b38326b7ebb8ee4ee21bf8cecd5c65a6ff373ea9c4aa0	generic_native
M0183	internal_module	src/js/node/vm.ts	node/vm	1	84bbe594c29a9edbe1b7bbaf66bf824d185044c122cf9be9d101fa31ea9aa3b4	generic_native
M0184	internal_module	src/js/node/wasi.ts	node/wasi	1	529879745ebb21fd8575b65314dfc977d64816926f66b4b452f1ebaec0f76e25	generic_native
M0185	internal_module	src/js/node/worker_threads.ts	node/worker_threads	1	5efef6f3c33385d064300d751ddd68b61f9a9b70f9d6f7fdb8f288a4cfd3395a	generic_native
M0186	internal_module	src/js/node/zlib.iter.ts	node/zlib.iter	1	6a1b01b2fd9409ab67461849674f55b4605db87012c91d1f465dea6a3061d285	generic_native
M0187	internal_module	src/js/node/zlib.ts	node/zlib	1	fefd4a61059e3f9fa9711b1711f3eb859bbafa485dcc13df8dc0a448615e0fb2	generic_native
M0188	internal_module	src/js/thirdparty/isomorphic-fetch.ts	thirdparty/isomorphic-fetch	1	65eea1c152bbc7ad7fcc71f659d2c37e52b8449a1bbdc133cfb9b22832acdffe	generic_native
M0189	internal_module	src/js/thirdparty/node-fetch.ts	thirdparty/node-fetch	1	438aca322de6fa8bbc8a51d9075e71d8c6180c431275a102ae6842b0ebe6374c	generic_native
M0190	internal_module	src/js/thirdparty/undici.js	thirdparty/undici	1	91aa377b565272c81afda9072cd3e7d18216ff0cb324cfda4a659888a9c7edf6	generic_native
M0191	internal_module	src/js/thirdparty/vercel_fetch.js	thirdparty/vercel_fetch	1	46cb4504a8837f8d14215600733c76f54ff4a6a64632e63b8e4aa68876858d8c	generic_native
M0192	internal_module	src/js/thirdparty/ws.js	thirdparty/ws	1	720b839d8aa92c44d3bdcbde13e19c2f5da0b5ae581f33bdeea717d91031432d	generic_native
B0000	native_bridge	src/js/builtins/BakeSSRResponse.ts	$newCppFunction:BakeAdditionsToGlobalObject.cpp::jsFunctionBakeGetAsyncLocalStorage	7	f674e4b0afe55aece30beea1b59a01975dc96ab619e0ece6677b2a02dea655bf	runtime_capability
B0001	native_bridge	src/js/builtins/ConsoleObject.ts	$newCppFunction:stringWidth.cpp::jsFunctionBunStringWidth	171	05d8472921c509322dca33b98d6280d1437ff89d73c03912e7a78957e0e1effc	runtime_capability
B0002	native_bridge	src/js/bun/sqlite.ts	$cpp:JSSQLStatement.cpp::createJSSQLStatementConstructor	15	212783feb84acabb692061f6aa256e64acc37b501f8b242f4df8affd34fc8c81	runtime_capability
B0003	native_bridge	src/js/internal-for-testing.ts	$bindgenFn:fmt_jsc.bind.ts::fmtString	10	c1071d75c08908c5b0920ef487684fe852e5a971c307cc71d95a5f7f3a6fa3e0	runtime_capability
B0004	native_bridge	src/js/internal-for-testing.ts	$newCppFunction:NodeTLS.cpp::Bun__canonicalizeIP	16	c1071d75c08908c5b0920ef487684fe852e5a971c307cc71d95a5f7f3a6fa3e0	runtime_capability
B0005	native_bridge	src/js/internal-for-testing.ts	$newCppFunction:xxhash3_testing.cpp::Bun__xxhash3_64_forTesting	20	c1071d75c08908c5b0920ef487684fe852e5a971c307cc71d95a5f7f3a6fa3e0	runtime_capability
B0006	native_bridge	src/js/internal-for-testing.ts	$cpp:JSSQLStatement.cpp::createJSSQLStatementConstructor	26	c1071d75c08908c5b0920ef487684fe852e5a971c307cc71d95a5f7f3a6fa3e0	runtime_capability
B0007	native_bridge	src/js/internal-for-testing.ts	$cpp:JSCTestingHelpers.cpp::createJSCTestingHelpers	124	c1071d75c08908c5b0920ef487684fe852e5a971c307cc71d95a5f7f3a6fa3e0	runtime_capability
B0008	native_bridge	src/js/internal-for-testing.ts	$cpp:CallSite.cpp::createNativeFrameForTesting	126	c1071d75c08908c5b0920ef487684fe852e5a971c307cc71d95a5f7f3a6fa3e0	runtime_capability
B0009	native_bridge	src/js/internal-for-testing.ts	$newCppFunction:NodeModuleModule.cpp::jsFunctionIsModuleResolveFilenameSlowPathEnabled	197	c1071d75c08908c5b0920ef487684fe852e5a971c307cc71d95a5f7f3a6fa3e0	runtime_capability
B0010	native_bridge	src/js/internal-for-testing.ts	$cpp:NoOpForTesting.cpp::createNoOpForTesting	215	c1071d75c08908c5b0920ef487684fe852e5a971c307cc71d95a5f7f3a6fa3e0	runtime_capability
B0011	native_bridge	src/js/internal-for-testing.ts	$cpp:IsolatedModuleCache.cpp::createIsolatedModuleCacheSourceTypeForTesting	222	c1071d75c08908c5b0920ef487684fe852e5a971c307cc71d95a5f7f3a6fa3e0	runtime_capability
B0012	native_bridge	src/js/internal-for-testing.ts	$newCppFunction:InternalForTesting.cpp::jsFunction_arrayBufferViewHasBuffer	283	c1071d75c08908c5b0920ef487684fe852e5a971c307cc71d95a5f7f3a6fa3e0	runtime_capability
B0013	native_bridge	src/js/internal-for-testing.ts	$newCppFunction:decodeURIComponentSIMD.cpp::jsFunctionDecodeURIComponentSIMD	301	c1071d75c08908c5b0920ef487684fe852e5a971c307cc71d95a5f7f3a6fa3e0	runtime_capability
B0014	native_bridge	src/js/internal-for-testing.ts	$bindgenFn:DevServer.bind.ts::getDeinitCountForTesting	307	c1071d75c08908c5b0920ef487684fe852e5a971c307cc71d95a5f7f3a6fa3e0	runtime_capability
B0015	native_bridge	src/js/internal-for-testing.ts	$newCppFunction:InternalForTesting.cpp::jsFunction_hasReifiedStatic	314	c1071d75c08908c5b0920ef487684fe852e5a971c307cc71d95a5f7f3a6fa3e0	runtime_capability
B0016	native_bridge	src/js/internal-for-testing.ts	$newCppFunction:StructuredClone.cpp::jsFunctionStructuredCloneAdvanced	394	c1071d75c08908c5b0920ef487684fe852e5a971c307cc71d95a5f7f3a6fa3e0	runtime_capability
B0017	native_bridge	src/js/internal-for-testing.ts	$newCppFunction:InternalForTesting.cpp::jsFunction_lsanDoLeakCheck	396	c1071d75c08908c5b0920ef487684fe852e5a971c307cc71d95a5f7f3a6fa3e0	runtime_capability
B0018	native_bridge	src/js/internal-for-testing.ts	$newCppFunction:InternalForTesting.cpp::jsFunction_isASANEnabled	398	c1071d75c08908c5b0920ef487684fe852e5a971c307cc71d95a5f7f3a6fa3e0	runtime_capability
B0019	native_bridge	src/js/internal-for-testing.ts	$newCppFunction:InternalForTesting.cpp::jsFunction_BunString_toThreadSafeRefCountDelta	400	c1071d75c08908c5b0920ef487684fe852e5a971c307cc71d95a5f7f3a6fa3e0	runtime_capability
B0020	native_bridge	src/js/internal-for-testing.ts	$newCppFunction:InternalForTesting.cpp::jsFunction_lowercaseHeaderNameSIMD	406	c1071d75c08908c5b0920ef487684fe852e5a971c307cc71d95a5f7f3a6fa3e0	runtime_capability
B0021	native_bridge	src/js/internal-for-testing.ts	$newCppFunction:InternalForTesting.cpp::jsFunction_emitMemoryPressure	412	c1071d75c08908c5b0920ef487684fe852e5a971c307cc71d95a5f7f3a6fa3e0	runtime_capability
B0022	native_bridge	src/js/internal-for-testing.ts	$newCppFunction:InternalForTesting.cpp::jsFunction_isMemoryPressureWatcherInstalled	418	c1071d75c08908c5b0920ef487684fe852e5a971c307cc71d95a5f7f3a6fa3e0	runtime_capability
B0023	native_bridge	src/js/internal/crypto/x509.ts	$newCppFunction:JSX509Certificate.cpp::jsIsX509Certificate	1	989e03ffaecc063622ab2acbe88d114b1d29ef312e99ffe4f656133389d71072	runtime_capability
B0024	native_bridge	src/js/internal/http.ts	$cpp:NodeHTTP.cpp::createNodeHTTPInternalBinding	16	3048c27ce282a5514c21581bacf0ba60e77968cd25b353d532605cbd7387d7a3	runtime_capability
B0025	native_bridge	src/js/internal/http.ts	$newCppFunction:JSFetchHeaders.cpp::jsFetchHeaders_getRawKeys	45	3048c27ce282a5514c21581bacf0ba60e77968cd25b353d532605cbd7387d7a3	runtime_capability
B0026	native_bridge	src/js/internal/perf_hooks/monitorEventLoopDelay.ts	$newCppFunction:JSNodePerformanceHooksHistogramPrototype.cpp::jsFunction_monitorEventLoopDelay	5	b06887340803e8e5e10ffbc85073fd0ab3bc298f3512a39b765886ec560b0b6f	runtime_capability
B0027	native_bridge	src/js/internal/perf_hooks/monitorEventLoopDelay.ts	$newCppFunction:JSNodePerformanceHooksHistogramPrototype.cpp::jsFunction_enableEventLoopDelay	11	b06887340803e8e5e10ffbc85073fd0ab3bc298f3512a39b765886ec560b0b6f	runtime_capability
B0028	native_bridge	src/js/internal/perf_hooks/monitorEventLoopDelay.ts	$newCppFunction:JSNodePerformanceHooksHistogramPrototype.cpp::jsFunction_disableEventLoopDelay	17	b06887340803e8e5e10ffbc85073fd0ab3bc298f3512a39b765886ec560b0b6f	runtime_capability
B0029	native_bridge	src/js/internal/repl/node-inspect.js	$newCppFunction:stringWidth.cpp::jsFunctionBunStringWidth	8	401a17312940fc35c2b85c86318b8b0b7def431b975faccb13a10fb15bc7d177	runtime_capability
B0030	native_bridge	src/js/internal/streams/native-readable.ts	$newCppFunction:streams/BunStreamConsumers.cpp::jsFunctionTransferToNativeReadableStream	9	57d856c3deb3dafec35a300fb093f3042f3854292a93c1e9df39bc6c46fc0e1d	runtime_capability
B0031	native_bridge	src/js/internal/streams/readable.ts	$cpp:NodeModuleModule.cpp::createStreamIterEnabledFlag	1283	359c85f5ad12af65496db0fc1fb9bf0ba4eee49201930c922fbd074ed951cf3b	runtime_capability
B0032	native_bridge	src/js/internal/util/inspect.js	$newCppFunction:stringWidth.cpp::jsFunctionBunStringWidth	2909	70d6e7e187d186a72aeeabc26f1d845b546597c5371ce0451352b2c2c4b42354	runtime_capability
B0033	native_bridge	src/js/internal/util/mime.ts	$cpp:JSMIMEParams.cpp::createJSMIMEBinding	1	90896d061c704a5b23f70eb0f6d1f328b767350ec5fef72bf65981bd71664fd2	runtime_capability
B0034	native_bridge	src/js/internal/validators.ts	$newCppFunction:NodeValidator.cpp::jsFunction_validateObject	141	f03ade88efca18151c8fe2b2110d4a9d5868ff82efd4d22cd397a266bbb427c3	runtime_capability
B0035	native_bridge	src/js/internal/validators.ts	$newCppFunction:NodeValidator.cpp::jsFunction_validateInteger	145	f03ade88efca18151c8fe2b2110d4a9d5868ff82efd4d22cd397a266bbb427c3	runtime_capability
B0036	native_bridge	src/js/internal/validators.ts	$newCppFunction:NodeValidator.cpp::jsFunction_validateNumber	147	f03ade88efca18151c8fe2b2110d4a9d5868ff82efd4d22cd397a266bbb427c3	runtime_capability
B0037	native_bridge	src/js/internal/validators.ts	$newCppFunction:NodeValidator.cpp::jsFunction_validateFiniteNumber	151	f03ade88efca18151c8fe2b2110d4a9d5868ff82efd4d22cd397a266bbb427c3	runtime_capability
B0038	native_bridge	src/js/internal/validators.ts	$newCppFunction:NodeValidator.cpp::jsFunction_checkRangesOrGetDefault	153	f03ade88efca18151c8fe2b2110d4a9d5868ff82efd4d22cd397a266bbb427c3	runtime_capability
B0039	native_bridge	src/js/internal/validators.ts	$newCppFunction:NodeValidator.cpp::jsFunction_validatePort	159	f03ade88efca18151c8fe2b2110d4a9d5868ff82efd4d22cd397a266bbb427c3	runtime_capability
B0040	native_bridge	src/js/internal/validators.ts	$newCppFunction:NodeValidator.cpp::jsFunction_validateAbortSignal	161	f03ade88efca18151c8fe2b2110d4a9d5868ff82efd4d22cd397a266bbb427c3	runtime_capability
B0041	native_bridge	src/js/internal/validators.ts	$newCppFunction:NodeValidator.cpp::jsFunction_validateArray	163	f03ade88efca18151c8fe2b2110d4a9d5868ff82efd4d22cd397a266bbb427c3	runtime_capability
B0042	native_bridge	src/js/internal/validators.ts	$newCppFunction:NodeValidator.cpp::jsFunction_validateInt32	165	f03ade88efca18151c8fe2b2110d4a9d5868ff82efd4d22cd397a266bbb427c3	runtime_capability
B0043	native_bridge	src/js/internal/validators.ts	$newCppFunction:NodeValidator.cpp::jsFunction_validateUint32	167	f03ade88efca18151c8fe2b2110d4a9d5868ff82efd4d22cd397a266bbb427c3	runtime_capability
B0044	native_bridge	src/js/internal/validators.ts	$newCppFunction:NodeValidator.cpp::jsFunction_validateSignalName	169	f03ade88efca18151c8fe2b2110d4a9d5868ff82efd4d22cd397a266bbb427c3	runtime_capability
B0045	native_bridge	src/js/internal/validators.ts	$newCppFunction:NodeValidator.cpp::jsFunction_validateEncoding	171	f03ade88efca18151c8fe2b2110d4a9d5868ff82efd4d22cd397a266bbb427c3	runtime_capability
B0046	native_bridge	src/js/internal/validators.ts	$newCppFunction:NodeValidator.cpp::jsFunction_validatePlainFunction	173	f03ade88efca18151c8fe2b2110d4a9d5868ff82efd4d22cd397a266bbb427c3	runtime_capability
B0047	native_bridge	src/js/internal/validators.ts	$newCppFunction:NodeValidator.cpp::jsFunction_validateBuffer	177	f03ade88efca18151c8fe2b2110d4a9d5868ff82efd4d22cd397a266bbb427c3	runtime_capability
B0048	native_bridge	src/js/internal/validators.ts	$newCppFunction:NodeValidator.cpp::jsFunction_validateOneOf	179	f03ade88efca18151c8fe2b2110d4a9d5868ff82efd4d22cd397a266bbb427c3	runtime_capability
B0049	native_bridge	src/js/node/async_hooks.ts	$newCppFunction:NodeAsyncHooks.cpp::jsSetAsyncHooksEnabled	25	62100684821e230080b733f4af23e1923935f477b79d13250b6f72d1c0982336	runtime_capability
B0050	native_bridge	src/js/node/async_hooks.ts	$newCppFunction:NodeAsyncHooks.cpp::jsCleanupLater	26	62100684821e230080b733f4af23e1923935f477b79d13250b6f72d1c0982336	runtime_capability
B0051	native_bridge	src/js/node/crypto.ts	$cpp:node_crypto_binding.cpp::createNodeCryptoBinding	50	51c33e49af09e4407f86133103d47ddc1bb25e555d161178b7718eeb9068ad25	runtime_capability
B0052	native_bridge	src/js/node/events.ts	$newCppFunction:JSEventTargetNode.cpp::jsFunctionNodeEventsGetEventListeners	772	d3b55d6de2e5d9c9b33d8246e52e5a1763c990c1012a9c92c4563235d8abcb68	runtime_capability
B0053	native_bridge	src/js/node/events.ts	$newCppFunction:JSEventTarget.cpp::jsEventTargetGetEventListenersCount	807	d3b55d6de2e5d9c9b33d8246e52e5a1763c990c1012a9c92c4563235d8abcb68	runtime_capability
B0054	native_bridge	src/js/node/inspector.ts	$newCppFunction:JSInspectorProfiler.cpp::jsFunction_startCPUProfiler	19	f33c9788e66ff3a3ebf601b9ee7d8fa1bbe94329a5bf9bbc0302a66a99ea7e38	runtime_capability
B0055	native_bridge	src/js/node/inspector.ts	$newCppFunction:JSInspectorProfiler.cpp::jsFunction_startCPUProfiler	20	f33c9788e66ff3a3ebf601b9ee7d8fa1bbe94329a5bf9bbc0302a66a99ea7e38	runtime_capability
B0056	native_bridge	src/js/node/inspector.ts	$newCppFunction:JSInspectorProfiler.cpp::jsFunction_stopCPUProfiler	21	f33c9788e66ff3a3ebf601b9ee7d8fa1bbe94329a5bf9bbc0302a66a99ea7e38	runtime_capability
B0057	native_bridge	src/js/node/inspector.ts	$newCppFunction:JSInspectorProfiler.cpp::jsFunction_setCPUSamplingInterval	22	f33c9788e66ff3a3ebf601b9ee7d8fa1bbe94329a5bf9bbc0302a66a99ea7e38	runtime_capability
B0058	native_bridge	src/js/node/inspector.ts	$newCppFunction:JSInspectorProfiler.cpp::jsFunction_isCPUProfilerRunning	23	f33c9788e66ff3a3ebf601b9ee7d8fa1bbe94329a5bf9bbc0302a66a99ea7e38	runtime_capability
B0059	native_bridge	src/js/node/inspector.ts	$newCppFunction:JSInspectorProfiler.cpp::jsFunction_startPreciseCoverage	24	f33c9788e66ff3a3ebf601b9ee7d8fa1bbe94329a5bf9bbc0302a66a99ea7e38	runtime_capability
B0060	native_bridge	src/js/node/inspector.ts	$newCppFunction:JSInspectorProfiler.cpp::jsFunction_stopPreciseCoverage	25	f33c9788e66ff3a3ebf601b9ee7d8fa1bbe94329a5bf9bbc0302a66a99ea7e38	runtime_capability
B0061	native_bridge	src/js/node/inspector.ts	$newCppFunction:JSInspectorProfiler.cpp::jsFunction_collectPreciseCoverage	26	f33c9788e66ff3a3ebf601b9ee7d8fa1bbe94329a5bf9bbc0302a66a99ea7e38	runtime_capability
B0062	native_bridge	src/js/node/inspector.ts	$newCppFunction:BunDebugger.cpp::jsFunction_openNodeInspector	31	f33c9788e66ff3a3ebf601b9ee7d8fa1bbe94329a5bf9bbc0302a66a99ea7e38	runtime_capability
B0063	native_bridge	src/js/node/inspector.ts	$newCppFunction:BunDebugger.cpp::jsFunction_waitForNodeInspectorConnection	32	f33c9788e66ff3a3ebf601b9ee7d8fa1bbe94329a5bf9bbc0302a66a99ea7e38	runtime_capability
B0064	native_bridge	src/js/node/inspector.ts	$newCppFunction:BunDebugger.cpp::jsFunction_postNodeInspectorControl	37	f33c9788e66ff3a3ebf601b9ee7d8fa1bbe94329a5bf9bbc0302a66a99ea7e38	runtime_capability
B0065	native_bridge	src/js/node/inspector.ts	$newCppFunction:BunDebugger.cpp::jsFunction_closeNodeInspector	38	f33c9788e66ff3a3ebf601b9ee7d8fa1bbe94329a5bf9bbc0302a66a99ea7e38	runtime_capability
B0066	native_bridge	src/js/node/path.ts	$cpp:Path.cpp::createNodePathBinding	4	11a2bc6353f4c400f6600bb96b851c2a4a3317951eeee2ccdbafd3b97b6b4c00	runtime_capability
B0067	native_bridge	src/js/node/perf_hooks.ts	$newCppFunction:JSNodePerformanceHooksHistogram.cpp::jsFunction_createHistogram	12	15d9c78e4e87aadb2a05d05d59e9f5411b65a5286a1f6daf5673732379b96268	runtime_capability
B0068	native_bridge	src/js/node/tls.ts	$newCppFunction:NodeTLS.cpp::getBundledRootCertificates	27	18cd130e40c26414317bf53055b769fb726d1db642b6c796f1fd0bd7cc4367bb	runtime_capability
B0069	native_bridge	src/js/node/tls.ts	$newCppFunction:NodeTLS.cpp::getExtraCACertificates	28	18cd130e40c26414317bf53055b769fb726d1db642b6c796f1fd0bd7cc4367bb	runtime_capability
B0070	native_bridge	src/js/node/tls.ts	$newCppFunction:NodeTLS.cpp::getSystemCACertificates	29	18cd130e40c26414317bf53055b769fb726d1db642b6c796f1fd0bd7cc4367bb	runtime_capability
B0071	native_bridge	src/js/node/tls.ts	$newCppFunction:NodeTLS.cpp::Bun__canonicalizeIP	30	18cd130e40c26414317bf53055b769fb726d1db642b6c796f1fd0bd7cc4367bb	runtime_capability
B0072	native_bridge	src/js/node/tls.ts	$newCppFunction:NodeTLS.cpp::parseCACertificates	31	18cd130e40c26414317bf53055b769fb726d1db642b6c796f1fd0bd7cc4367bb	runtime_capability
B0073	native_bridge	src/js/node/tls.ts	$newCppFunction:NodeTLS.cpp::getDefaultCiphers	33	18cd130e40c26414317bf53055b769fb726d1db642b6c796f1fd0bd7cc4367bb	runtime_capability
B0074	native_bridge	src/js/node/tls.ts	$newCppFunction:NodeTLS.cpp::setDefaultCiphers	34	18cd130e40c26414317bf53055b769fb726d1db642b6c796f1fd0bd7cc4367bb	runtime_capability
B0075	native_bridge	src/js/node/tty.ts	$cpp:ProcessBindingTTYWrap.cpp::createBunTTYFunctions	11	01418f4412031c7ad0366b0129eac8b2e2e396616ac30e1a8948af795abba12d	runtime_capability
B0076	native_bridge	src/js/node/url.ts	$cpp:NodeURL.cpp::Bun::createNodeURLBinding	29	c805b115e37012e05e77ecdfd80076f7cf8f10a29df9976a066c71a3022c27be	runtime_capability
B0077	native_bridge	src/js/node/util.ts	$newCppFunction:NodeUtilTypesModule.cpp::jsFunctionIsError	123	051d3b518047c024c3e60c2c0ecdf23842ce352c0394e2a924e535ffa14622c7	runtime_capability
B0078	native_bridge	src/js/node/vm.ts	$cpp:NodeVM.cpp::Bun::createNodeVMBinding	16	84bbe594c29a9edbe1b7bbaf66bf824d185044c122cf9be9d101fa31ea9aa3b4	runtime_capability
B0079	native_bridge	src/js/node/worker_threads.ts	$cpp:Worker.cpp::createNodeWorkerThreadsBinding	84	5efef6f3c33385d064300d751ddd68b61f9a9b70f9d6f7fdb8f288a4cfd3395a	runtime_capability
B0080	native_bridge	src/js/node/worker_threads.ts	$newCppFunction:ZigGlobalObject.cpp::jsFunctionPostMessage	776	5efef6f3c33385d064300d751ddd68b61f9a9b70f9d6f7fdb8f288a4cfd3395a	runtime_capability
B0081	native_bridge	src/js/thirdparty/node-fetch.ts	$cpp:NodeFetch.cpp::createNodeFetchInternalBinding	2	438aca322de6fa8bbc8a51d9075e71d8c6180c431275a102ae6842b0ebe6374c	runtime_capability
B0082	native_bridge	src/js/thirdparty/undici.js	$cpp:Undici.cpp::createUndiciInternalBinding	10	91aa377b565272c81afda9072cd3e7d18216ff0cb324cfda4a659888a9c7edf6	runtime_capability
B0083	native_bridge	src/js/thirdparty/ws.js	$cpp:JSWebSocket.cpp::getWebSocketConstructor	168	720b839d8aa92c44d3bdcbde13e19c2f5da0b5ae581f33bdeea717d91031432d	runtime_capability
N0000	native_module	src/jsc/modules/_NativeModule.h	bun:test=BunTest	28	7145d23e016cebd115398c3ad3ed81fd6669b879f5c4aa367c296359d66ba0e7	runtime_capability
N0001	native_module	src/jsc/modules/_NativeModule.h	bun:jsc=BunJSC	29	7145d23e016cebd115398c3ad3ed81fd6669b879f5c4aa367c296359d66ba0e7	runtime_capability
N0002	native_module	src/jsc/modules/_NativeModule.h	bun:app=BunApp	30	7145d23e016cebd115398c3ad3ed81fd6669b879f5c4aa367c296359d66ba0e7	runtime_capability
N0003	native_module	src/jsc/modules/_NativeModule.h	node:buffer=NodeBuffer	31	7145d23e016cebd115398c3ad3ed81fd6669b879f5c4aa367c296359d66ba0e7	runtime_capability
N0004	native_module	src/jsc/modules/_NativeModule.h	node:constants=NodeConstants	32	7145d23e016cebd115398c3ad3ed81fd6669b879f5c4aa367c296359d66ba0e7	runtime_capability
N0005	native_module	src/jsc/modules/_NativeModule.h	node:sqlite=NodeSqlite	33	7145d23e016cebd115398c3ad3ed81fd6669b879f5c4aa367c296359d66ba0e7	runtime_capability
N0006	native_module	src/jsc/modules/_NativeModule.h	node:string_decoder=NodeStringDecoder	34	7145d23e016cebd115398c3ad3ed81fd6669b879f5c4aa367c296359d66ba0e7	runtime_capability
N0007	native_module	src/jsc/modules/_NativeModule.h	node:util/types=NodeUtilTypes	35	7145d23e016cebd115398c3ad3ed81fd6669b879f5c4aa367c296359d66ba0e7	runtime_capability
N0008	native_module	src/jsc/modules/_NativeModule.h	utf-8-validate=UTF8Validate	36	7145d23e016cebd115398c3ad3ed81fd6669b879f5c4aa367c296359d66ba0e7	runtime_capability
N0009	native_module	src/jsc/modules/_NativeModule.h	abort-controller=AbortControllerModule	37	7145d23e016cebd115398c3ad3ed81fd6669b879f5c4aa367c296359d66ba0e7	runtime_capability
N0010	native_module	src/jsc/modules/_NativeModule.h	node:module=NodeModule	41	7145d23e016cebd115398c3ad3ed81fd6669b879f5c4aa367c296359d66ba0e7	runtime_capability
N0011	native_module	src/jsc/modules/_NativeModule.h	node:process=NodeProcess	42	7145d23e016cebd115398c3ad3ed81fd6669b879f5c4aa367c296359d66ba0e7	runtime_capability
N0012	native_module	src/jsc/modules/_NativeModule.h	bun=BunObject	43	7145d23e016cebd115398c3ad3ed81fd6669b879f5c4aa367c296359d66ba0e7	runtime_capability
R0000	runtime_source	src/jsc/modules/AbortControllerModuleModule.h	AbortControllerModuleModule.h	1	4c388c7f0de51b815c1328541de7d9a417e20599e7e0c55ffa471b84bf6a3cc6	native_implementation
R0001	runtime_source	src/jsc/modules/BunAppModule.h	BunAppModule.h	1	bc2dd4535a487796cd30aacd53c6a9888989a046fb028d0b849607d8494ca7a7	native_implementation
R0002	runtime_source	src/jsc/modules/BunJSCModule.h	BunJSCModule.h	1	0811d4f7a9246d3227d9c7fa76e9bb081b491b328e8035b3e56f6ddbe047cec2	native_implementation
R0003	runtime_source	src/jsc/modules/BunObjectModule.h	BunObjectModule.h	1	a13fd2cddf2e05a14b49834c5166b3f575c6827fd0fb152afa610b8ec5e204e1	native_implementation
R0004	runtime_source	src/jsc/modules/BunTestModule.h	BunTestModule.h	1	401d218b1028d30eb3e8ae6f69d858e5804b36fab6d962f32553545948036897	native_implementation
R0005	runtime_source	src/jsc/modules/NodeBufferModule.h	NodeBufferModule.h	1	e57fd6a57fda8cc1af0442605ad5f55d61de5919bcd82d6d1efe7e6d92634133	native_implementation
R0006	runtime_source	src/jsc/modules/NodeConstantsModule.h	NodeConstantsModule.h	1	6060d09e00baac19fcb26773c69550f21b3d7ca46efdb1586eb60956a4f2903d	native_implementation
R0007	runtime_source	src/jsc/modules/NodeModuleModule.cpp	NodeModuleModule.cpp	1	f16d352768804936eca515818fd1e23d10b0fd23918015113db8ee5902e5f9e7	native_implementation
R0008	runtime_source	src/jsc/modules/NodeModuleModule.h	NodeModuleModule.h	1	59db440918deeeebf9d7aed9573dff65d1286c4f19669e34cd4ac7a24e8f27ce	native_implementation
R0009	runtime_source	src/jsc/modules/NodeProcessModule.h	NodeProcessModule.h	1	40aa4000e047fa9c9401e72dd28ce3c70a050a65a000adc88aa7f6b3a3b9e4dc	native_implementation
R0010	runtime_source	src/jsc/modules/NodeSqliteModule.h	NodeSqliteModule.h	1	00ca330d8865ec9e7b927e601b3d20e4a65f37095ffdfe264ab10539fab5ddff	native_implementation
R0011	runtime_source	src/jsc/modules/NodeStringDecoderModule.h	NodeStringDecoderModule.h	1	9257399d5058b1dcbf55bd30ea2bf88c515f49444d088fb0504adba10dfe6f95	native_implementation
R0012	runtime_source	src/jsc/modules/NodeTTYModule.cpp	NodeTTYModule.cpp	1	37504998b067a3f3ddd67401c150b0252911489cc4ecfb384c4afa24dd295a4d	native_implementation
R0013	runtime_source	src/jsc/modules/NodeTTYModule.h	NodeTTYModule.h	1	c90bf66afb9261f32d7def7b475d9979afe824524a3c86ef92b2938553733dc7	native_implementation
R0014	runtime_source	src/jsc/modules/NodeUtilTypesModule.cpp	NodeUtilTypesModule.cpp	1	648391c698e1440151c8798118b1cc457bdd3db48928b35d7a2676ce78320b09	native_implementation
R0015	runtime_source	src/jsc/modules/NodeUtilTypesModule.h	NodeUtilTypesModule.h	1	75dbe2ece664e2f7e166ce6f663cc35d56277057eead1e56478d31f7300c33d1	native_implementation
R0016	runtime_source	src/jsc/modules/ObjectModule.cpp	ObjectModule.cpp	1	2d87cbcc2071df1c6b1456d20ef38f78bd1379848290ccb9f09db66dc208fcd0	native_implementation
R0017	runtime_source	src/jsc/modules/ObjectModule.h	ObjectModule.h	1	ed5debe2b160924d80450f03a9af2ac2a1334f401a02c5639df564f745984e61	native_implementation
R0018	runtime_source	src/jsc/modules/UTF8ValidateModule.h	UTF8ValidateModule.h	1	7b19187a921dc237f397eb62aa54242b38d294851eaca5252fae2cb6d8a19d66	native_implementation
R0019	runtime_source	src/jsc/modules/_NativeModule.h	_NativeModule.h	1	7145d23e016cebd115398c3ad3ed81fd6669b879f5c4aa367c296359d66ba0e7	native_implementation
R0020	runtime_source	src/runtime/Cargo.toml	Cargo.toml	1	65e041d60884069e8f0936baa6f7161b07d9b1186c8ab1369df79eb5a5747ace	native_implementation
R0021	runtime_source	src/runtime/allocators/LinuxMemFdAllocator.rs	LinuxMemFdAllocator.rs	1	77bd87039a8b0c04b76fd8c50a8f96bd8f61d3dd2bd7190c1da541966c7b1b36	native_implementation
R0022	runtime_source	src/runtime/allocators/mod.rs	mod.rs	1	1d204565e202b1e1d199edfb3ee2d8993b59c06cbc5c33fe936d275cb49814ac	native_implementation
R0023	runtime_source	src/runtime/api.rs	api.rs	1	18c704f401403689af5ac616b8ba56dc6ff6aecea07d07971118ef2a9a77c1ce	native_implementation
R0024	runtime_source	src/runtime/api/Archive.classes.ts	Archive.classes.ts	1	3b66556cbeb9c709786f7ab8bf2b360f9a52da3d8271d677aabd1e7db7305873	native_implementation
R0025	runtime_source	src/runtime/api/Archive.rs	Archive.rs	1	e64c741753810235316e766ac7b6216be3c35ea068701a49eb840afbfe7e16e0	native_implementation
R0026	runtime_source	src/runtime/api/BunObject.bind.ts	BunObject.bind.ts	1	d2aa4f667da2323ba2dc352845d30b7dc28a05703e9ed8d5e5c5e82bbb856d5d	native_implementation
R0027	runtime_source	src/runtime/api/BunObject.classes.ts	BunObject.classes.ts	1	54700c3ed95f63c88bbceb85d14fff2ba11b15ca09e68623cbf5209a5dd8e17f	native_implementation
R0028	runtime_source	src/runtime/api/BunObject.rs	BunObject.rs	1	bbc75ef6641627f83efed62fa045e3be0751388e3e8fe485cccc2167e3aaba1c	native_implementation
R0029	runtime_source	src/runtime/api/Glob.classes.ts	Glob.classes.ts	1	9af117aab6e069226f90409965557c4b6b5bd3b3a40cfbb7ec8e51986c8ddbb8	native_implementation
R0030	runtime_source	src/runtime/api/HashObject.rs	HashObject.rs	1	493ce637a238fcbab688e0e48247250f9bb15f377a361910aedfbbcabf2c3a64	native_implementation
R0031	runtime_source	src/runtime/api/JSBundler.classes.ts	JSBundler.classes.ts	1	15503a937426accf5732f997bd557a135ad9af8573fbed1c3f48edfd2f92e792	native_implementation
R0032	runtime_source	src/runtime/api/JSBundler.rs	JSBundler.rs	1	529fcb8bc2bf336beea85301edc07517a39111d915592fa6a6f0c25e44ac772b	native_implementation
R0033	runtime_source	src/runtime/api/JSON5Object.rs	JSON5Object.rs	1	49c7d353ab059dfe3e0e332fdf790fd822faf6736191ec4e3d177c8546ab9392	native_implementation
R0034	runtime_source	src/runtime/api/JSONCObject.rs	JSONCObject.rs	1	0fc8b15cbf902af79d366d6836814fd473eec3b7ab42dcf51b73177b264902f3	native_implementation
R0035	runtime_source	src/runtime/api/JSTranspiler.rs	JSTranspiler.rs	1	e807a3ffca42f456acd9dc62d8701e8f3424dfc405a4095f5c17c803eece93cc	native_implementation
R0036	runtime_source	src/runtime/api/MarkdownObject.rs	MarkdownObject.rs	1	cc4ba495e6e8e7bd2e6c4b5cdaaf5d14e55cdb22d9ad1a1f12005ebfff596c13	native_implementation
R0037	runtime_source	src/runtime/api/NativePromiseContext.rs	NativePromiseContext.rs	1	5717fb7424506c770c1091c07f347d05bf5dd1aef88547a4997c177b384b15d5	native_implementation
R0038	runtime_source	src/runtime/api/ParsedShellScript.classes.ts	ParsedShellScript.classes.ts	1	0da8f58e051eb5743f352835f89d9706151fda9b22cc4c8def4724b9ee0d4c41	native_implementation
R0039	runtime_source	src/runtime/api/ResumableSink.classes.ts	ResumableSink.classes.ts	1	c6ed8a3033bb0f9d39311a67fca14017264862f2729a1d0d77830b17e3917841	native_implementation
R0040	runtime_source	src/runtime/api/S3Client.classes.ts	S3Client.classes.ts	1	ecf1342fad02f3d3f1c90937f73908c7732d386069c4c18f37410d5e624a36f5	native_implementation
R0041	runtime_source	src/runtime/api/S3Stat.classes.ts	S3Stat.classes.ts	1	f690f1c20aa125e10a833bae9171af3a94497f66ad0ae71fec693db9d0b47957	native_implementation
R0042	runtime_source	src/runtime/api/SecureContext.classes.ts	SecureContext.classes.ts	1	4254e4973f8ef1baade2e0db7aa68d6aa9b6d9a3f3e111fba8a0d655259e7f4f	native_implementation
R0043	runtime_source	src/runtime/api/Shell.classes.ts	Shell.classes.ts	1	9611942eb540856f16208a0d86d96ef78b33c99958bebe88f885b5d2a3bbbdc9	native_implementation
R0044	runtime_source	src/runtime/api/TOMLObject.rs	TOMLObject.rs	1	5ba6c17c15404ffae0b325e739c7ec29b9099839fb7d0ed08ae8f04fc7f337cc	native_implementation
R0045	runtime_source	src/runtime/api/Terminal.classes.ts	Terminal.classes.ts	1	ca79b6ec894ce5f27bdb975f7ee2482f0137592529aef8234c3cdd5d5c533b04	native_implementation
R0046	runtime_source	src/runtime/api/UnsafeObject.rs	UnsafeObject.rs	1	1a1e876cd8d532e675f0b83137dbf9976b0d0904f3b501e66d009058aad719ec	native_implementation
R0047	runtime_source	src/runtime/api/YAMLObject.rs	YAMLObject.rs	1	f7e5fbb643466922a9b5f819b1419b71bc12370e62ab1e1ab0ef20672135b8d9	native_implementation
R0048	runtime_source	src/runtime/api/bun/SSLContextCache.rs	SSLContextCache.rs	1	112bbe6e840a5959c18177de532b1fbb2d95c7038a40d7d8c7f7d1666117fd74	native_implementation
R0049	runtime_source	src/runtime/api/bun/SecureContext.rs	SecureContext.rs	1	1bf32d60946c04f7a1f6fa63fccf7a42c618b491a59b0cc235f2e2b8e8d8701a	native_implementation
R0050	runtime_source	src/runtime/api/bun/Terminal.rs	Terminal.rs	1	12a57d435178541b8477031bcaddfb9156fdd66148389c2f810a97d5ac5e6a1e	native_implementation
R0051	runtime_source	src/runtime/api/bun/h2/connection.rs	connection.rs	1	cf1905bf239d820043fa9f9c0e828e8c7efc0e8db960ac5974ea33d6be669f45	native_implementation
R0052	runtime_source	src/runtime/api/bun/h2/flow_control.rs	flow_control.rs	1	618a5358412476c2f098975eaa343abdd7423c63bb52617df18d6cffdabdc87f	native_implementation
R0053	runtime_source	src/runtime/api/bun/h2/hpack.rs	hpack.rs	1	d98ed60ed59aa3bee3699eddede9f2dd8a36e88f09365bdf6d1f733a5446e907	native_implementation
R0054	runtime_source	src/runtime/api/bun/h2/mod.rs	mod.rs	1	2ff67761f9fcded8e00dd86e954691e4c70992cf7ea101fac66609c67fe70c85	native_implementation
R0055	runtime_source	src/runtime/api/bun/h2/settings.rs	settings.rs	1	f5df35b2648466999f7ecfd1831a5c23d54cb5939ea2f87705835cf3135c4f07	native_implementation
R0056	runtime_source	src/runtime/api/bun/h2/stream.rs	stream.rs	1	ca3c56e587742bdb5aa7b85854dc0238bf403c042fc7554a5e1e36d12463c5b3	native_implementation
R0057	runtime_source	src/runtime/api/bun/h2/wire.rs	wire.rs	1	69e2d7f035f8d1e556e4ee94252ba53ab373dbb1cc9775a1a1b10f9b33eb7967	native_implementation
R0058	runtime_source	src/runtime/api/bun/h2_frame_parser.rs	h2_frame_parser.rs	1	7dc1b6c6d82878919909b6aa58c13eabb28db193098bfdcd98f70295b9d6423d	native_implementation
R0059	runtime_source	src/runtime/api/bun/js_bun_spawn_bindings.rs	js_bun_spawn_bindings.rs	1	fa5352d80d3876de6581bae70ce555e9bd9611483fbc7f7671e38e7933b0a212	native_implementation
R0060	runtime_source	src/runtime/api/bun/process.rs	process.rs	1	c8623d6a06c610199dd814c005319bb208c2a7b1044f0e71743bfec1980ad11d	native_implementation
R0061	runtime_source	src/runtime/api/bun/spawn.rs	spawn.rs	1	f1985f79dbaaf57b9b1b965d5edee7e0791225f4e04e847c31fd46e246a221b8	native_implementation
R0062	runtime_source	src/runtime/api/bun/spawn/stdio.rs	stdio.rs	1	1b4802a4e4123b733ff3d7b96cc928400e8c70b20d5c22a930daa63f1b170659	native_implementation
R0063	runtime_source	src/runtime/api/bun/subprocess.rs	subprocess.rs	1	0f9e5259342189df841c66e6a3518ae07744e094d9088ada3a585a89c0d2158a	native_implementation
R0064	runtime_source	src/runtime/api/bun/subprocess/Readable.rs	Readable.rs	1	d8638f42cb314d62cfe94ff4f7a53df8d6d93809fb2acbd76008544e923d276f	native_implementation
R0065	runtime_source	src/runtime/api/bun/subprocess/ResourceUsage.rs	ResourceUsage.rs	1	baed7938f401c2cc2a04f2c74247049e1e1ed10de7e26ad7e162439083d7aade	native_implementation
R0066	runtime_source	src/runtime/api/bun/subprocess/SubprocessPipeReader.rs	SubprocessPipeReader.rs	1	97ef3e5d0a989668a73fb369fc71ac5e19b4dd161556e89cd10b00f7932e2e5e	native_implementation
R0067	runtime_source	src/runtime/api/bun/subprocess/Writable.rs	Writable.rs	1	62f8223521caeb3de346c1fae04ac0252338062ab8fdab721c9ad2e02d870b11	native_implementation
R0068	runtime_source	src/runtime/api/bun/x509.rs	x509.rs	1	5750db78adb116d66a29c6a3ce52f3b9b1ea8771394d1a141cf86ddeae594178	native_implementation
R0069	runtime_source	src/runtime/api/crash_handler_jsc.rs	crash_handler_jsc.rs	1	812c9e3ee8dbea41dbabb0dacb049a902017d3f121ce2a749619550a16ca577c	native_implementation
R0070	runtime_source	src/runtime/api/cron.classes.ts	cron.classes.ts	1	7dd9b947269a7c3d07ae01839b62200f43b402d865cbecba862bea76ecb9ea2e	native_implementation
R0071	runtime_source	src/runtime/api/cron.rs	cron.rs	1	7ecc82b11fc72352bdaac9e90a63e936c9095c46c20b9200a76601492038f257	native_implementation
R0072	runtime_source	src/runtime/api/cron_parser.rs	cron_parser.rs	1	fe632f245a66854691b55f87b9f06ce157fc7c7b53105ef35b50700783673942	native_implementation
R0073	runtime_source	src/runtime/api/csrf_jsc.rs	csrf_jsc.rs	1	041d076e19a5e791667e8013bab1a64c1bb358a9a750eaa1b66e653c53d2fdf4	native_implementation
R0074	runtime_source	src/runtime/api/filesystem_router.classes.ts	filesystem_router.classes.ts	1	b4b67cbe41d1b5ed162f20c15c279e95289903856afa4a20ae8bb006eed1c450	native_implementation
R0075	runtime_source	src/runtime/api/filesystem_router.rs	filesystem_router.rs	1	8b06ed507a3596629741fb1693df3fa63d894989d2d494e653628e283d5fbf28	native_implementation
R0076	runtime_source	src/runtime/api/glob.rs	glob.rs	1	09ac5d272acd6c8265e2711c937b5ec348c14b6c016f044f43d6cf0abc4941d6	native_implementation
R0077	runtime_source	src/runtime/api/h2.classes.ts	h2.classes.ts	1	86cbbc280e7cb1f3c78f82beab6460b8366ea24b47e6671f5c338ac190e02bde	native_implementation
R0078	runtime_source	src/runtime/api/html_rewriter.classes.ts	html_rewriter.classes.ts	1	884dcabf811f5033a78d8473a4e44086bcffe33baf7f7c3d3e672c463dec0db5	native_implementation
R0079	runtime_source	src/runtime/api/html_rewriter.rs	html_rewriter.rs	1	3f7bb98ad497be52b7f3ffb8b4f9e90b8c93f81d477b5cedb5934bdf29f974e2	native_implementation
R0080	runtime_source	src/runtime/api/js_bundle_completion_task.rs	js_bundle_completion_task.rs	1	2237c8a42f8e01ff0f6e848d4c5621bb8fe868640e86db322ed1a3dacee80aba	native_implementation
R0081	runtime_source	src/runtime/api/output_file_jsc.rs	output_file_jsc.rs	1	76a47b24eed2f79e6492d3e54c0246a961292805ed4f9f6aa1e6e9d55b0a58d5	native_implementation
R0082	runtime_source	src/runtime/api/sourcemap.classes.ts	sourcemap.classes.ts	1	a296b0dfbc41f07f5f21ebeaf7d9b6cf24ea4cc7451b42607162e808f7e4ba8e	native_implementation
R0083	runtime_source	src/runtime/api/sql.classes.ts	sql.classes.ts	1	bacf1efcb383b2789e674978e39149ea7684ac0889a910c5892010f972fb8dc7	native_implementation
R0084	runtime_source	src/runtime/api/standalone_graph_jsc.rs	standalone_graph_jsc.rs	1	79c334b5db5650530794894120b39b95cabe98c4562fc45405453d5e2e1c0bb5	native_implementation
R0085	runtime_source	src/runtime/api/streams.classes.ts	streams.classes.ts	1	8a961c42906f51c70cd8b93869fdda16a13300575fabefb8323d9f1374199dc5	native_implementation
R0086	runtime_source	src/runtime/api/welcome-page.html.gz	welcome-page.html.gz	1	32de9a967f17f23309a498bc212bdf580be010b4334e162c626dce314690f453	native_implementation
R0087	runtime_source	src/runtime/api/zlib.classes.ts	zlib.classes.ts	1	a5414647d23f6636b1495c4c22ea83b255d2b4d1ba38943998eb454ee87890f2	native_implementation
R0088	runtime_source	src/runtime/bake/BakeGlobalObject.cpp	BakeGlobalObject.cpp	1	302f1299b51b5730556d33b41d369dc7687cdc76c75c4c845f554b157797f0b0	native_implementation
R0089	runtime_source	src/runtime/bake/BakeGlobalObject.h	BakeGlobalObject.h	1	3194d7e969012a57a1d58931ac84810e4da55e59da47621830de0f478208e263	native_implementation
R0090	runtime_source	src/runtime/bake/BakeProduction.cpp	BakeProduction.cpp	1	59b5061ae7dd2ad748b6e45f397a5fe0018ebfd8e9187cbc02e8bf425424d8c6	native_implementation
R0091	runtime_source	src/runtime/bake/BakeProduction.h	BakeProduction.h	1	6de08dc453e9aabe2a7a398970fb53ed6b8db98a83b366169db5804fbd2d2568	native_implementation
R0092	runtime_source	src/runtime/bake/BakeSourceProvider.cpp	BakeSourceProvider.cpp	1	23f6540cad8fb3320a2dd01dac2769670967c70ef4c6bc222972f321374705e7	native_implementation
R0093	runtime_source	src/runtime/bake/BakeSourceProvider.h	BakeSourceProvider.h	1	7e2d34359ac2ce01bcc4c99e601a8dbbcf3e534204b4f85994ef48d49ee8487a	native_implementation
R0094	runtime_source	src/runtime/bake/DevServer.bind.ts	DevServer.bind.ts	1	176fea477d164b38e2c335031430a0efb01f3f1e99266d8ce14e4d0ed780af69	native_implementation
R0095	runtime_source	src/runtime/bake/DevServer.rs	DevServer.rs	1	f9386e49d1514edcf6e82a18eb27e19219276bf48069753a3dce64b88794c6bd	native_implementation
R0096	runtime_source	src/runtime/bake/DevServerSourceProvider.cpp	DevServerSourceProvider.cpp	1	98ae721bc9a7ed578b80d2ce7aac8bc7eb946fe57b4444dcd3c0b0868c1549d5	native_implementation
R0097	runtime_source	src/runtime/bake/DevServerSourceProvider.h	DevServerSourceProvider.h	1	db155f346f77fb50f6e23e5344ae43950d060d213661bf714d65ee969a2c6905	native_implementation
R0098	runtime_source	src/runtime/bake/FrameworkRouter.rs	FrameworkRouter.rs	1	85eae6ca10d12a632f43fbc13d832ae5505c7d4ef982504bd9e3a21ac2210b81	native_implementation
R0099	runtime_source	src/runtime/bake/bake.bind.ts	bake.bind.ts	1	b4bffed49c785afe874d852d4400c77eece95d99568dd28eac71edbd5fe15c35	native_implementation
R0100	runtime_source	src/runtime/bake/bake.d.ts	bake.d.ts	1	b367bc564917ecbb74c0d6c448559ad6fbafeb811780772bbbbffa985df94884	native_implementation
R0101	runtime_source	src/runtime/bake/bake.private.d.ts	bake.private.d.ts	1	2f4adbc37c31f6ea497d684f5690b6047ce8ebd15198e684e1459cda7b537fd2	native_implementation
R0102	runtime_source	src/runtime/bake/bake_body.rs	bake_body.rs	1	a70989ab0b9d50f9f632912c035ba4e3af5b68e58478c082097db8734f9577ff	native_implementation
R0103	runtime_source	src/runtime/bake/bun-framework-react/client.tsx	client.tsx	1	315c766f61fe746d5dd982e224759a5b9e9d102250308dcc7b8545da039632b7	native_implementation
R0104	runtime_source	src/runtime/bake/bun-framework-react/index.ts	index.ts	1	a842f0770d5b595220493b78f4a0deba9148de4e3f2b0eced881246183dcd8b4	native_implementation
R0105	runtime_source	src/runtime/bake/bun-framework-react/server.tsx	server.tsx	1	0171d8dd8757735cef8be8d5e2e5a4c0a3c300f9639c59123683880b171996e2	native_implementation
R0106	runtime_source	src/runtime/bake/bun-framework-react/ssr.tsx	ssr.tsx	1	5b010fa41d4ce1584cf856599cf196d6e8a27516906d78f7325b73ad25061024	native_implementation
R0107	runtime_source	src/runtime/bake/client/JavaScriptSyntaxHighlighter.css	JavaScriptSyntaxHighlighter.css	1	9edf0344e59a16c0e46acde32710687619b91197efc7bc29331a2da35b64f606	native_implementation
R0108	runtime_source	src/runtime/bake/client/JavaScriptSyntaxHighlighter.ts	JavaScriptSyntaxHighlighter.ts	1	d05bde1aff60709d31f71af59bc634a50c33988253467db5d9ce2d7e46305aa1	native_implementation
R0109	runtime_source	src/runtime/bake/client/JavaScriptSyntaxHighlighterComponent.tsx	JavaScriptSyntaxHighlighterComponent.tsx	1	f9fa8d7ab55591d3fa348b74e298e8ec16304eac745a68beec2d545c8fe75853	native_implementation
R0110	runtime_source	src/runtime/bake/client/css-reloader.ts	css-reloader.ts	1	777f66c85528c975dc4513706079f7ead29333734a4ab2ef90ed16255d8c4de0	native_implementation
R0111	runtime_source	src/runtime/bake/client/data-view.ts	data-view.ts	1	9b324cd66b2ffc2580a986e020ddc62eceacd568b0c814fd8f486ae9ddb18e21	native_implementation
R0112	runtime_source	src/runtime/bake/client/error-serialization.ts	error-serialization.ts	1	26cf8cae40b25b8274433bca9ebfc9d1e888b2a8fa6837be87e1d3ac55e778f0	native_implementation
R0113	runtime_source	src/runtime/bake/client/icons/dismiss.svg	dismiss.svg	1	a1f52d4d31b7d983f5a48f92c902b05ab7eda9aecb95615cab1fb721fdde7eb8	native_implementation
R0114	runtime_source	src/runtime/bake/client/icons/next.svg	next.svg	1	7df191186a4da52d1fe975bbf22c003ba56b6a3170da4a119ac0ad4a152590cd	native_implementation
R0115	runtime_source	src/runtime/bake/client/icons/prev.svg	prev.svg	1	740a4c4a6afc19b61dbafd131f0350a6a91d0284938a36f6be43b6d4aa0ebbbe	native_implementation
R0116	runtime_source	src/runtime/bake/client/inspect.ts	inspect.ts	1	930caa140d928b6ee6e68a6c0f68a2af1f2465dae8c6988e1da69a4c58340d04	native_implementation
R0117	runtime_source	src/runtime/bake/client/overlay.css	overlay.css	1	f9905a27dd77ab961566354dab3c319d9ec2504e1037882136bc078bb7678206	native_implementation
R0118	runtime_source	src/runtime/bake/client/overlay.ts	overlay.ts	1	03288bfe5057d1c68f3c7c7ad8af6ae37b017c95f63e872385295d6dd0d1d112	native_implementation
R0119	runtime_source	src/runtime/bake/client/stack-trace.ts	stack-trace.ts	1	f0a813748e676730c0b557c10b32e418a01d42fdf41abb3b4c09262ff063c423	native_implementation
R0120	runtime_source	src/runtime/bake/client/websocket.ts	websocket.ts	1	b54484c601c60e8a26394e943fadef7941ef27ce28359f5d6e583cc6270153db	native_implementation
R0121	runtime_source	src/runtime/bake/debug.ts	debug.ts	1	a0aabb18878e2e7f271ec10646354030588ffd293d84786f6013fb5ac82de74f	native_implementation
R0122	runtime_source	src/runtime/bake/dev_server/assets.rs	assets.rs	1	8a5c62a84e680910991c1aab76b15eeed6f3a1e226a5053fd030028eb4a6f33c	native_implementation
R0123	runtime_source	src/runtime/bake/dev_server/error_report_request.rs	error_report_request.rs	1	3dc9b3cdbc924b892f816ca8afd217e3a49b6957a2b3e8c456697839ec023a9a	native_implementation
R0124	runtime_source	src/runtime/bake/dev_server/hmr_socket.rs	hmr_socket.rs	1	f43ccf2aca6ab843912cb8b58bee15d46bfb33037beef137979331f6d4ce1346	native_implementation
R0125	runtime_source	src/runtime/bake/dev_server/incremental_graph.rs	incremental_graph.rs	1	1e0e3122862382bce867bd9ea7467471942b37df72c38e1a3444c1fe620c1406	native_implementation
R0126	runtime_source	src/runtime/bake/dev_server/inspector_agent.rs	inspector_agent.rs	1	3db3542cc163317c62839b98b458d9ce9c0c57d8a6c28d8722c0495d8d857f89	native_implementation
R0127	runtime_source	src/runtime/bake/dev_server/js_escape.rs	js_escape.rs	1	b4c667b59ef5077f2d47d6610649b7acc2a44d473d5650d371926ea90de4a4e9	native_implementation
R0128	runtime_source	src/runtime/bake/dev_server/lifecycle.rs	lifecycle.rs	1	532cced2415b43c33f66f2e1141fcfc88eb595171251d63688370c918df3391f	native_implementation
R0129	runtime_source	src/runtime/bake/dev_server/memory_cost.rs	memory_cost.rs	1	e96f85c8ac31fa9b511423baafb2b77e573d8581a2609ed7b98ae82d080f3136	native_implementation
R0130	runtime_source	src/runtime/bake/dev_server/mod.rs	mod.rs	1	8b6fa1b62ac3fb4e125f6b90da056d74f6957ada7264ff0a6e2eb1a764f91a8b	native_implementation
R0131	runtime_source	src/runtime/bake/dev_server/packed_map.rs	packed_map.rs	1	8b0950c4aaae02b6ea9c7bf9a774d9b86317723cab058dbf2805cafa0184c8a5	native_implementation
R0132	runtime_source	src/runtime/bake/dev_server/route_bundle.rs	route_bundle.rs	1	3de528d3464604b39f2feda3e4bab50c0ef1e694fcebbf90cf79f174d88ecccb	native_implementation
R0133	runtime_source	src/runtime/bake/dev_server/serialized_failure.rs	serialized_failure.rs	1	0650b7e081e3cfcf6812cc064474492ba62f6a7a15fb3b151c82b7e46d03587e	native_implementation
R0134	runtime_source	src/runtime/bake/dev_server/source_map_store.rs	source_map_store.rs	1	afe9144957a7876d99dca5bd2bec83d8412a684082409a329ba716b02fdb88ed	native_implementation
R0135	runtime_source	src/runtime/bake/enums.ts	enums.ts	1	320182db322bfbc15fa69bf25cb2a7f213ae859a4801992d39d055122339d95f	native_implementation
R0136	runtime_source	src/runtime/bake/hmr-module.ts	hmr-module.ts	1	efa37d5b52dca5eddcb46fa411e660f4d698dc05b31afba3b7cef46cbe8ef39d	native_implementation
R0137	runtime_source	src/runtime/bake/hmr-runtime-client.ts	hmr-runtime-client.ts	1	a06c9f23350ef64687b51c4e497aec7e20f703627ecfb126faeb475e8ef4e034	native_implementation
R0138	runtime_source	src/runtime/bake/hmr-runtime-error.ts	hmr-runtime-error.ts	1	14ccfaddbde789af91f0a7475f2c045e0fd639223b876082bb2a17ba07a04b16	native_implementation
R0139	runtime_source	src/runtime/bake/hmr-runtime-server.ts	hmr-runtime-server.ts	1	859c504f181e7961ccbd55529b2dba71014c6d33fa3907defd3d5c92ed8d6819	native_implementation
R0140	runtime_source	src/runtime/bake/incremental_visualizer.html	incremental_visualizer.html	1	f1527e6824d74acc17b8401b80885640a0716502ec4cf52e1fdaea98f75afa3b	native_implementation
R0141	runtime_source	src/runtime/bake/memory_visualizer.html	memory_visualizer.html	1	40ef2f06e6ac54b870191e3d39983eb1cb6686d7989990255add9b202b6e3a4e	native_implementation
R0142	runtime_source	src/runtime/bake/mod.rs	mod.rs	1	05d7c3a0747cc86241922df273dbb25aa5a13ead9aaf6047437c1ebec1514452	native_implementation
R0143	runtime_source	src/runtime/bake/package.json	package.json	1	8e16f6e1b5dcab2ad3842268c7e6ef42943759e6ce582c984ae3068d63249d51	native_implementation
R0144	runtime_source	src/runtime/bake/production.rs	production.rs	1	53ac30fe7f50c8933dd381efdc10feedbbe0ed1b51debf63ec9fffda715ed367	native_implementation
R0145	runtime_source	src/runtime/bake/server/stack-trace-stub.ts	stack-trace-stub.ts	1	925b1a6592031983550e88e1634976f8215afd2ef5f2e248ddeb1e49af6a6637	native_implementation
R0146	runtime_source	src/runtime/bake/shared.ts	shared.ts	1	85706d5d512e83271a559f5fb69a4fd29dc10875bfbfcfe7a49285848d7f9574	native_implementation
R0147	runtime_source	src/runtime/bake/source_provider_exports.rs	source_provider_exports.rs	1	25cd9371c6344cff4e99541322bb6f6f1e2186ead52d1d3ca36aae5ebfc2c5cd	native_implementation
R0148	runtime_source	src/runtime/bake/tsconfig.json	tsconfig.json	1	9679ea30ab14d0dd25560703d28e92e802e86b88128c26fc72252af2fdcd136b	native_implementation
R0149	runtime_source	src/runtime/build.rs	build.rs	1	cba0bdce5b44a78a2365e5464834c9ee0cec3e79b343f0684c27cbce1ec7117f	native_implementation
R0150	runtime_source	src/runtime/cli/Arguments.rs	Arguments.rs	1	cdbdd23e22ff8163283be0ce59da5ff3e2f2cf779817a8c38d54732947cb8b8d	native_implementation
R0151	runtime_source	src/runtime/cli/add_command.rs	add_command.rs	1	6f4b7240187d0fb35cbeee7a363e597c68bc630baba3b92910697cbf257ec847	native_implementation
R0152	runtime_source	src/runtime/cli/add_completions.rs	add_completions.rs	1	2fba1c490f30dfd0ab1d780b40c3b7a95ee0830721e817e7ad66e44a098126b6	native_implementation
R0153	runtime_source	src/runtime/cli/add_completions.txt	add_completions.txt	1	8746c2d7eecd827051cf25e216d3dd628b46ea20a45f80a00262065bf74c7ddd	native_implementation
R0154	runtime_source	src/runtime/cli/audit_command.rs	audit_command.rs	1	b9c6ffd9b1e343e27370b56d89525ef0f1f824ddc841adf76266ef394e25772c	native_implementation
R0155	runtime_source	src/runtime/cli/build_command.rs	build_command.rs	1	b152780e042a6208b29dc21885ba1a0002821fe7a09004512e7dcbc1f860bc65	native_implementation
R0156	runtime_source	src/runtime/cli/bunx_command.rs	bunx_command.rs	1	5987b85677152ba2d6dcea26591d3f92bbbce3c88c8d909bcda28db7e366cd5b	native_implementation
R0157	runtime_source	src/runtime/cli/ci_info.rs	ci_info.rs	1	b5b905efcae7510a5527f5fa7758ed3a1e964b141e68b9cc662935b5839dca68	native_implementation
R0158	runtime_source	src/runtime/cli/colon_list_type.rs	colon_list_type.rs	1	4c337791b4a1ed771f09238055c786f84c48ae1d25802a49ebb36c5d03855cb0	native_implementation
R0159	runtime_source	src/runtime/cli/create/SourceFileProjectGenerator.rs	SourceFileProjectGenerator.rs	1	e332c7ed608fb38bd5e206f843cd700a5ba9d1fb6f560ae78a6c583472e302e8	native_implementation
R0160	runtime_source	src/runtime/cli/create/projects/react-shadcn-spa/REPLACE_ME_WITH_YOUR_APP_FILE_NAME.build.ts	REPLACE_ME_WITH_YOUR_APP_FILE_NAME.build.ts	1	29b9e0e8524938851e653f2babbd1767e4bdfdb8b48d3b1e07eeac09e1d26b4e	native_implementation
R0161	runtime_source	src/runtime/cli/create/projects/react-shadcn-spa/REPLACE_ME_WITH_YOUR_APP_FILE_NAME.client.tsx	REPLACE_ME_WITH_YOUR_APP_FILE_NAME.client.tsx	1	50b0f315c5cfaffdea63f029492d7fae24b19793311ab60cb64c5a4b5667faa3	native_implementation
R0162	runtime_source	src/runtime/cli/create/projects/react-shadcn-spa/REPLACE_ME_WITH_YOUR_APP_FILE_NAME.css	REPLACE_ME_WITH_YOUR_APP_FILE_NAME.css	1	fdb2aee8e3e18f8ab735da635497b444235ec4614f12ce6b7f2cfe04f70ecb86	native_implementation
R0163	runtime_source	src/runtime/cli/create/projects/react-shadcn-spa/REPLACE_ME_WITH_YOUR_APP_FILE_NAME.html	REPLACE_ME_WITH_YOUR_APP_FILE_NAME.html	1	6d3ae7184f644e849c869ce5a0055318d9ecd08728985c189acd61e226978573	native_implementation
R0164	runtime_source	src/runtime/cli/create/projects/react-shadcn-spa/bunfig.toml	bunfig.toml	1	93586d1912c02946197e6edc8d3bf4df7227dc56d7d810f01a27f8befb068cfd	native_implementation
R0165	runtime_source	src/runtime/cli/create/projects/react-shadcn-spa/components.json	components.json	1	81833589f0d66a93ac0a71ec68d472936a44ab7e6405b07df681e8b30b8a552b	native_implementation
R0166	runtime_source	src/runtime/cli/create/projects/react-shadcn-spa/lib/utils.ts	utils.ts	1	d1f1e0d62cb8d8d1e04c26e14de842d8a151f75812d81b046c65b5d1fe8e4b27	native_implementation
R0167	runtime_source	src/runtime/cli/create/projects/react-shadcn-spa/package.json	package.json	1	8fddfd22eed9bba6bbc45a373a3bc2d76f78b13ce46376a6f9477992246e9e7d	native_implementation
R0168	runtime_source	src/runtime/cli/create/projects/react-shadcn-spa/styles/globals.css	globals.css	1	6fa3995461bf7362f2a3dd6e8e70e834ae402ff488ed4e16732bb7e454e279a6	native_implementation
R0169	runtime_source	src/runtime/cli/create/projects/react-shadcn-spa/styles/index.css	index.css	1	e50aca50fff677430c037273af847577c395704b21d787c866bdd5ed5ba108ec	native_implementation
R0170	runtime_source	src/runtime/cli/create/projects/react-shadcn-spa/tsconfig.json	tsconfig.json	1	89917a5d8b472893ae4155abf32b37e6477b04194db2ef9ce867591635caecd0	native_implementation
R0171	runtime_source	src/runtime/cli/create/projects/react-spa/REPLACE_ME_WITH_YOUR_APP_FILE_NAME.css	REPLACE_ME_WITH_YOUR_APP_FILE_NAME.css	1	89c954d6a8e7207d9abb4db85ba0bffe9cf933e0f004665e3ae8a4d6882c16fc	native_implementation
R0172	runtime_source	src/runtime/cli/create/projects/react-spa/package.json	package.json	1	c5713cbd7ba846d44db032bb59d57249f7e0317252b11252e583da11573c6896	native_implementation
R0173	runtime_source	src/runtime/cli/create/projects/react-tailwind-spa/REPLACE_ME_WITH_YOUR_APP_FILE_NAME.css	REPLACE_ME_WITH_YOUR_APP_FILE_NAME.css	1	42070e0b45bb201b2b838a52aaaa6e965f964e0b542d97f1fe517fe59c4b75a8	native_implementation
R0174	runtime_source	src/runtime/cli/create_command.rs	create_command.rs	1	caa658faecac4034d95c31d3e367a0f4c7a8c02cc47bc848cc642ad13d5b0af6	native_implementation
R0175	runtime_source	src/runtime/cli/discord_command.rs	discord_command.rs	1	d71b77bcd83aa946ab83608e63f5f573e75940ff397f762509a33125ec49063e	native_implementation
R0176	runtime_source	src/runtime/cli/exec_command.rs	exec_command.rs	1	16fe4144407e3624f695d50c1a5af95a35fea5e52c3e2c5e74fb5068ab088a77	native_implementation
R0177	runtime_source	src/runtime/cli/filter_arg.rs	filter_arg.rs	1	b65737bb70ac08018b204c1b2ddd32452269959b33502505028e3141a4afbaf1	native_implementation
R0178	runtime_source	src/runtime/cli/filter_run.rs	filter_run.rs	1	158c1c70061df9c4f8ec1b8d5d016cfa114d235d9a03c134269bbee26bddbf29	native_implementation
R0179	runtime_source	src/runtime/cli/fuzzilli_command.rs	fuzzilli_command.rs	1	59e06747a497ee1f269c21b1fb5e119135c9a52e7f596380368abbf0650abdde	native_implementation
R0180	runtime_source	src/runtime/cli/init/README.default.md	README.default.md	1	8e25bfaca9ef33e4f6ed29f3db63309621e579a46516fc46e5685c12a8ee2005	native_implementation
R0181	runtime_source	src/runtime/cli/init/README2.default.md	README2.default.md	1	aa855264efce01b387f6d2c9eca5f55c58c51ee609a6ebaa82f5ba432429c88b	native_implementation
R0182	runtime_source	src/runtime/cli/init/gitignore.default	gitignore.default	1	c9966ff04b65f78bd896bceb4edbb4e5c83c1aa95535cc7cd5ee8d3ea5bc7db5	native_implementation
R0183	runtime_source	src/runtime/cli/init/react-app/bun-env.d.ts	bun-env.d.ts	1	3768daee1dab2665db8559d8f6da54126b7905dbcb10ddcdedbde66ec46f0c5f	native_implementation
R0184	runtime_source	src/runtime/cli/init/react-app/bun.lock	bun.lock	1	3db5a6ffe6f8de0a6d56cc1a88587db77a8acf1016d930a8e4b5213a3f52216e	native_implementation
R0185	runtime_source	src/runtime/cli/init/react-app/bunfig.toml	bunfig.toml	1	3ab75b001b8323168a8a4ac1ef83762d22d87bb005fe77d02a1dadb79fb44733	native_implementation
R0186	runtime_source	src/runtime/cli/init/react-app/package.json	package.json	1	f9fd1b58109d082f385afceae62c6373c6ce0b8594339cd08d12e1112069d97b	native_implementation
R0187	runtime_source	src/runtime/cli/init/react-app/src/APITester.tsx	APITester.tsx	1	90a97e9579a87418fc11a240a9f315436d2290e6a0e3b93249efbd64f0ffdbf7	native_implementation
R0188	runtime_source	src/runtime/cli/init/react-app/src/App.tsx	App.tsx	1	3cc5b308c80a9762baff0f44660912f0e79b524a77f8112490f713ee87521dd2	native_implementation
R0189	runtime_source	src/runtime/cli/init/react-app/src/frontend.tsx	frontend.tsx	1	9c7730225b0ff0d776a1566a374abde22792aa5fac714948d10ac8e153cd96e9	native_implementation
R0190	runtime_source	src/runtime/cli/init/react-app/src/index.css	index.css	1	d170cb2bc317cb6b123eb6db0347f74c39dae3a8a83c946c112a03aaea7a9456	native_implementation
R0191	runtime_source	src/runtime/cli/init/react-app/src/index.html	index.html	1	8d66235492e860b5f52abd4088568e9584a475620e6aacc58d379b15264fecd8	native_implementation
R0192	runtime_source	src/runtime/cli/init/react-app/src/index.ts	index.ts	1	62440a7e556ee7e4fe43cdab417722fe281f2518c98f23f445126426b2ab9b85	native_implementation
R0193	runtime_source	src/runtime/cli/init/react-app/src/logo.svg	logo.svg	1	6395a2d7c1700c4397d0f0bf0ad466b6d01787dc22ad0a17cb0e1d45c31463a8	native_implementation
R0194	runtime_source	src/runtime/cli/init/react-app/src/react.svg	react.svg	1	a5853e9b6ca58e63563dca42631c0b5762b9fdb4d1b1c7ce80224f4f3fb07233	native_implementation
R0195	runtime_source	src/runtime/cli/init/react-app/tsconfig.json	tsconfig.json	1	3a84940b65e93347a43d84b2c64c2e212da0e47c97c3dce8874814049c4d982a	native_implementation
R0196	runtime_source	src/runtime/cli/init/react-shadcn/build.ts	build.ts	1	e56316e5e6c1557310802cfcfbdd9319256d972b19eb41b403963fc51933e203	native_implementation
R0197	runtime_source	src/runtime/cli/init/react-shadcn/bun-env.d.ts	bun-env.d.ts	1	3768daee1dab2665db8559d8f6da54126b7905dbcb10ddcdedbde66ec46f0c5f	native_implementation
R0198	runtime_source	src/runtime/cli/init/react-shadcn/bun.lock	bun.lock	1	575bd3be2196dd5229bf7bc08483dec93a342858edd6c2f3eaf12368569959df	native_implementation
R0199	runtime_source	src/runtime/cli/init/react-shadcn/bunfig.toml	bunfig.toml	1	d2ffb1894ca439ec14a9c7d1e9be6163dd35e8c9e52b7e0e0858ae8d3b937900	native_implementation
R0200	runtime_source	src/runtime/cli/init/react-shadcn/components.json	components.json	1	893b173c7bcf78eabbed75926cbccc02611580388ea642fb2c080170fb0c443d	native_implementation
R0201	runtime_source	src/runtime/cli/init/react-shadcn/package.json	package.json	1	cc4be6e92254ce792fca408e6310235c55f0fd29d7c4ecbfb1b2123f908e4b9e	native_implementation
R0202	runtime_source	src/runtime/cli/init/react-shadcn/src/APITester.tsx	APITester.tsx	1	eb18427ff581db5f7e970b9b6e36225714d325ce22361b5faa3f4752261808c5	native_implementation
R0203	runtime_source	src/runtime/cli/init/react-shadcn/src/App.tsx	App.tsx	1	d27a1ccc1aef2a68ea0d66f252048df6d6f6989bd80d00754cd94a72128fe3c8	native_implementation
R0204	runtime_source	src/runtime/cli/init/react-shadcn/src/components/ui/button.tsx	button.tsx	1	7131c748087d5ffb11eb75333f259450af627700849dd9bb8c228279c6330962	native_implementation
R0205	runtime_source	src/runtime/cli/init/react-shadcn/src/components/ui/card.tsx	card.tsx	1	655409b9d06738bc09886da9068d233e5c3a94297d6d5ec840d590c8f6be01b3	native_implementation
R0206	runtime_source	src/runtime/cli/init/react-shadcn/src/components/ui/input.tsx	input.tsx	1	5316b2ad93e34491d5b52e87be8648d9919e89a00566b18019692b8a162b2c49	native_implementation
R0207	runtime_source	src/runtime/cli/init/react-shadcn/src/components/ui/label.tsx	label.tsx	1	b5bda1ee84f79156d2efc81411e3047e93f72df15ad13a9a4eafbede66af77e9	native_implementation
R0208	runtime_source	src/runtime/cli/init/react-shadcn/src/components/ui/select.tsx	select.tsx	1	731ab459aff76e5df2617b6e3fa55d21cf3847799e36ca540a6986b7222d43fc	native_implementation
R0209	runtime_source	src/runtime/cli/init/react-shadcn/src/components/ui/textarea.tsx	textarea.tsx	1	4cb95b6b1c5942b12aa839e417e60d46cf8875478b89eaf4304a03599a79f9b5	native_implementation
R0210	runtime_source	src/runtime/cli/init/react-shadcn/src/frontend.tsx	frontend.tsx	1	9c7730225b0ff0d776a1566a374abde22792aa5fac714948d10ac8e153cd96e9	native_implementation
R0211	runtime_source	src/runtime/cli/init/react-shadcn/src/index.css	index.css	1	008fa4f8a5923564cf75c6ed8dd58d6f1bef5aaf30f529f6f6a7adffba60d6fd	native_implementation
R0212	runtime_source	src/runtime/cli/init/react-shadcn/src/index.html	index.html	1	ca2b52c087ffd9f1c872f5285f216a9d919cf6f07510980836e2ee7800143b8d	native_implementation
R0213	runtime_source	src/runtime/cli/init/react-shadcn/src/index.ts	index.ts	1	62440a7e556ee7e4fe43cdab417722fe281f2518c98f23f445126426b2ab9b85	native_implementation
R0214	runtime_source	src/runtime/cli/init/react-shadcn/src/lib/utils.ts	utils.ts	1	4acbc7165a8d54738ff62b51414e772c08fe78434e524e6d8770180d3ba2925f	native_implementation
R0215	runtime_source	src/runtime/cli/init/react-shadcn/src/logo.svg	logo.svg	1	6395a2d7c1700c4397d0f0bf0ad466b6d01787dc22ad0a17cb0e1d45c31463a8	native_implementation
R0216	runtime_source	src/runtime/cli/init/react-shadcn/src/react.svg	react.svg	1	a5853e9b6ca58e63563dca42631c0b5762b9fdb4d1b1c7ce80224f4f3fb07233	native_implementation
R0217	runtime_source	src/runtime/cli/init/react-shadcn/styles/globals.css	globals.css	1	84771f97d0b912e739366d913e0eb2bd60d7441255b3802ded27abe3162cc1fe	native_implementation
R0218	runtime_source	src/runtime/cli/init/react-shadcn/tsconfig.json	tsconfig.json	1	3a84940b65e93347a43d84b2c64c2e212da0e47c97c3dce8874814049c4d982a	native_implementation
R0219	runtime_source	src/runtime/cli/init/react-tailwind/build.ts	build.ts	1	e56316e5e6c1557310802cfcfbdd9319256d972b19eb41b403963fc51933e203	native_implementation
R0220	runtime_source	src/runtime/cli/init/react-tailwind/bun-env.d.ts	bun-env.d.ts	1	3768daee1dab2665db8559d8f6da54126b7905dbcb10ddcdedbde66ec46f0c5f	native_implementation
R0221	runtime_source	src/runtime/cli/init/react-tailwind/bun.lock	bun.lock	1	928e1206222a1dc5d72a56785e979baf924d2fe82d91f705ba809a5fb7085962	native_implementation
R0222	runtime_source	src/runtime/cli/init/react-tailwind/bunfig.toml	bunfig.toml	1	37f9c6f7512618ea59c6ce23f2a710a1c03977822fc241b7198ce13aa654e18d	native_implementation
R0223	runtime_source	src/runtime/cli/init/react-tailwind/package.json	package.json	1	2f637be4eb07e228e4dada9b9e3932f1d054940fa54b992f97e3e1979bc50338	native_implementation
R0224	runtime_source	src/runtime/cli/init/react-tailwind/src/APITester.tsx	APITester.tsx	1	1014a1b374bb3ba6b0eb637cd13b9e02d4881ed74a5ae39973738ad8aef68cc4	native_implementation
R0225	runtime_source	src/runtime/cli/init/react-tailwind/src/App.tsx	App.tsx	1	b89f8d8764d02c161f93abbe73fa4d59e020c78cdf7e374d382cf93a341ffa46	native_implementation
R0226	runtime_source	src/runtime/cli/init/react-tailwind/src/frontend.tsx	frontend.tsx	1	9c7730225b0ff0d776a1566a374abde22792aa5fac714948d10ac8e153cd96e9	native_implementation
R0227	runtime_source	src/runtime/cli/init/react-tailwind/src/index.css	index.css	1	fade4849d282c9cbdb1f9ec9ec897aaaede7df4b1bef5dffb22d2511531189b0	native_implementation
R0228	runtime_source	src/runtime/cli/init/react-tailwind/src/index.html	index.html	1	8d66235492e860b5f52abd4088568e9584a475620e6aacc58d379b15264fecd8	native_implementation
R0229	runtime_source	src/runtime/cli/init/react-tailwind/src/index.ts	index.ts	1	62440a7e556ee7e4fe43cdab417722fe281f2518c98f23f445126426b2ab9b85	native_implementation
R0230	runtime_source	src/runtime/cli/init/react-tailwind/src/logo.svg	logo.svg	1	6395a2d7c1700c4397d0f0bf0ad466b6d01787dc22ad0a17cb0e1d45c31463a8	native_implementation
R0231	runtime_source	src/runtime/cli/init/react-tailwind/src/react.svg	react.svg	1	a5853e9b6ca58e63563dca42631c0b5762b9fdb4d1b1c7ce80224f4f3fb07233	native_implementation
R0232	runtime_source	src/runtime/cli/init/react-tailwind/tsconfig.json	tsconfig.json	1	3a84940b65e93347a43d84b2c64c2e212da0e47c97c3dce8874814049c4d982a	native_implementation
R0233	runtime_source	src/runtime/cli/init/rule.md	rule.md	1	1f39d317f2417649a7a29a1f98a220be0cdce47fa3f896c4fa565eaee9f150cf	native_implementation
R0234	runtime_source	src/runtime/cli/init/tsconfig.default.json	tsconfig.default.json	1	4dc04b191bf94ab851419f7c62b4514bc1d1ec2eadaf8bff5b97c002f6d84b5b	native_implementation
R0235	runtime_source	src/runtime/cli/init_command.rs	init_command.rs	1	de0c6ba16cd0fee14fc45df94cd0108bd8396fe64497569f2a2b25258a515239	native_implementation
R0236	runtime_source	src/runtime/cli/install.ps1	install.ps1	1	b293e028d51c5728efcceb401e2552c170497b8f18bdb381a88c55169c41cc6f	native_implementation
R0237	runtime_source	src/runtime/cli/install.sh	install.sh	1	04882bf41679d49d9af108657a1e5515bf04fdf2940d12c0d0b1e5d79dc53be8	native_implementation
R0238	runtime_source	src/runtime/cli/install_command.rs	install_command.rs	1	65626ed36285cefcfcbbeb3f53fd4058ab3783be3e61d7fcee63dbd41836cc0c	native_implementation
R0239	runtime_source	src/runtime/cli/install_completions_command.rs	install_completions_command.rs	1	9c1d805065c883925f9f65befbcfc3f9d0c071f5bbe73afc1949720a9be83689	native_implementation
R0240	runtime_source	src/runtime/cli/link_command.rs	link_command.rs	1	d6fdc05abfa6d4792e8d05aaca682e416ee769daf75157ae30a532dde3f6bfb4	native_implementation
R0241	runtime_source	src/runtime/cli/mod.rs	mod.rs	1	cf43d0dfb4cf078f4d285005151e9eb8bc952bb982e3be94038c47940c25f292	native_implementation
R0242	runtime_source	src/runtime/cli/multi_run.rs	multi_run.rs	1	cb23df287f606461739c65710fda27cb7c1bd389e3ebc2d989334a77557ef50b	native_implementation
R0243	runtime_source	src/runtime/cli/open.rs	open.rs	1	ab2be42132810d753307d2d9e6ccccda82baec4bb5e2d53a6c81410ff60769b2	native_implementation
R0244	runtime_source	src/runtime/cli/outdated_command.rs	outdated_command.rs	1	ecb93c007bb3e2ea91f59dd4c2117f7cb5381934dd1df5a9f32a8864533a2a70	native_implementation
R0245	runtime_source	src/runtime/cli/pack_command.rs	pack_command.rs	1	c6156dd6812a5cde4a36943606256a3e8fbeb9eaceea0513ff4ecb58c48032ab	native_implementation
R0246	runtime_source	src/runtime/cli/package_manager_command.rs	package_manager_command.rs	1	5a6654c1a7f1233448b9f710f467926449a19c4ed6b9afa55e25d7c1df525732	native_implementation
R0247	runtime_source	src/runtime/cli/patch_command.rs	patch_command.rs	1	d4dc3819351d5a4ed0d02d7d54b4a4c566848317a7e7e331edd6575fb7a3e701	native_implementation
R0248	runtime_source	src/runtime/cli/patch_commit_command.rs	patch_commit_command.rs	1	3d60f3db5ad159ff3cdf2173a4bb07ef64b5ccf9034d49d1b27d3bf7b880df02	native_implementation
R0249	runtime_source	src/runtime/cli/pm_pkg_command.rs	pm_pkg_command.rs	1	8886a9b23d817d4b5b076bf523c4f788c98fd255def9fb24b06b6305cdf0e442	native_implementation
R0250	runtime_source	src/runtime/cli/pm_trusted_command.rs	pm_trusted_command.rs	1	ced5cb3f586ef12187382f25c30f885cfe53ff9e1a6fc2ada567feb6031fdb30	native_implementation
R0251	runtime_source	src/runtime/cli/pm_update_package_json.rs	pm_update_package_json.rs	1	70994d04e7a16f4de2239d8e9785cbb1780f4f510472aadc3d76aaf3d147abb9	native_implementation
R0252	runtime_source	src/runtime/cli/pm_version_command.rs	pm_version_command.rs	1	f2a661d42f3a67e1d17a9d629ac37ab7f1019284dd7f88b917b43e4124c57077	native_implementation
R0253	runtime_source	src/runtime/cli/pm_view_command.rs	pm_view_command.rs	1	ec6a93ae2bde3f84f0575a48a17f670161f51fad1ae51d3fad2e148a59e97749	native_implementation
R0254	runtime_source	src/runtime/cli/pm_why_command.rs	pm_why_command.rs	1	90fea8a82dce51817204a46812655c80925bbde4200728296a7a4b1073b0dbce	native_implementation
R0255	runtime_source	src/runtime/cli/publish_command.rs	publish_command.rs	1	71d48c4a2140f1795934a778b16837b4348c32a91458849ae0e195ba20bc0543	native_implementation
R0256	runtime_source	src/runtime/cli/remove_command.rs	remove_command.rs	1	6b29741ba54fcaf0eb651e09029c9a426da97deabc82ceb8c99eba4b225c0924	native_implementation
R0257	runtime_source	src/runtime/cli/repl.rs	repl.rs	1	a60bf1adb381d8dc1cbd97f357501ebe51964a4d870dea4d44d3071bf0af5ff4	native_implementation
R0258	runtime_source	src/runtime/cli/repl_command.rs	repl_command.rs	1	900c298f26eaa2d20fed96e3b644fd1696510a82e9b45ae2c63c5ffca1262202	native_implementation
R0259	runtime_source	src/runtime/cli/run_command.rs	run_command.rs	1	4e408a338c37b766b1f6a574eea498897ba4fab327d3f3405dc135afd0a8da83	native_implementation
R0260	runtime_source	src/runtime/cli/scan_command.rs	scan_command.rs	1	0cf9b03d06076b6ea389a0bad779529478e64c0382a15b80443b7f9cf349650c	native_implementation
R0261	runtime_source	src/runtime/cli/shell_completions.rs	shell_completions.rs	1	7e8141a94518bcad90623579b08d53a03674c93472bc7c320f053cc68d778846	native_implementation
R0262	runtime_source	src/runtime/cli/test/ChangedFilesFilter.rs	ChangedFilesFilter.rs	1	ddae1a0108b1b1f215447c3f1d25114535220a078750fdc23783c1086a08c2ba	native_implementation
R0263	runtime_source	src/runtime/cli/test/ParallelRunner.rs	ParallelRunner.rs	1	b53d060ea067683ee3835bd9edba6045a2ca6759555434c9f9b9283d84799452	native_implementation
R0264	runtime_source	src/runtime/cli/test/Scanner.rs	Scanner.rs	1	ccbcd63f517b1e9024555e6e4a6263f9560fed33b0be9fbdc0cd3cdb3e64282a	native_implementation
R0265	runtime_source	src/runtime/cli/test/parallel/Channel.rs	Channel.rs	1	5464b5bbcdb464ef592aa00ddcf715587ab6701959b6df56c18cd15e2bed95f8	native_implementation
R0266	runtime_source	src/runtime/cli/test/parallel/Coordinator.rs	Coordinator.rs	1	b6f8c416fb442fd3ea742e85f65914800774ae093fd46b6a86665959d79676cb	native_implementation
R0267	runtime_source	src/runtime/cli/test/parallel/FileRange.rs	FileRange.rs	1	3ec0f7b9ee1f70f638b526499a7f78ea161e8a19a2f9b5d2bef057448d96dc25	native_implementation
R0268	runtime_source	src/runtime/cli/test/parallel/Frame.rs	Frame.rs	1	9ac95d7e7a4cbeea73aa7a533c4a6f8e84c9d70262e85e7a0b0b019151cc52a3	native_implementation
R0269	runtime_source	src/runtime/cli/test/parallel/Worker.rs	Worker.rs	1	1822d50ab3aebe0dbddc5f5531d42e9af92a31a9759364b7f9ab8caa5afd86bb	native_implementation
R0270	runtime_source	src/runtime/cli/test/parallel/aggregate.rs	aggregate.rs	1	fe68c8a61474523b4990383c35ff995050e706d307f5f61c4edeb6d39e6bf912	native_implementation
R0271	runtime_source	src/runtime/cli/test/parallel/runner.rs	runner.rs	1	d05c786db926c4782f527b99f4419af81e740a70256c8001cdeebe5b5524437c	native_implementation
R0272	runtime_source	src/runtime/cli/test_command.rs	test_command.rs	1	276912d86403a6d54d8d8c4df1d8ef305c60c82f67f5125a05486e23087e7529	native_implementation
R0273	runtime_source	src/runtime/cli/uninstall.ps1	uninstall.ps1	1	b7e2c4daf6a7dedde7eb122171eb7c26665997afc1a46f0fc397bb5875e30915	native_implementation
R0274	runtime_source	src/runtime/cli/unlink_command.rs	unlink_command.rs	1	9b0bd57c95cf17a0e0fd3b92bd723aadc66581bd046482874d6d52e7d7cbbb42	native_implementation
R0275	runtime_source	src/runtime/cli/update_command.rs	update_command.rs	1	a32b1205c8f1a999393ea0974a91f46a108d2527745f26ec3b052ddd5a3da2a7	native_implementation
R0276	runtime_source	src/runtime/cli/update_interactive_command.rs	update_interactive_command.rs	1	e63552566f93d21c514d5e4d25166e7861f3310e8d8f981ea1105102860d8620	native_implementation
R0277	runtime_source	src/runtime/cli/upgrade_command.rs	upgrade_command.rs	1	c93d8a320ce7982b1f4190fef7b74af2107c87ddb3a661e69c7f80eacf48b046	native_implementation
R0278	runtime_source	src/runtime/cli/which_npm_client.rs	which_npm_client.rs	1	556e36d38cf41bb529b01c876a10e9dbaef5c070867b904bd7237a014f0f2033	native_implementation
R0279	runtime_source	src/runtime/cli/why_command.rs	why_command.rs	1	99637846c2434d72c45e0788ce36956da55eb0a0acc243a79f567230ff3e3734	native_implementation
R0280	runtime_source	src/runtime/crypto/CryptoHasher.rs	CryptoHasher.rs	1	4296eede728320c45a5dcb985504f0a978f5bd2c064c55b8f0faf21c20146fb1	native_implementation
R0281	runtime_source	src/runtime/crypto/EVP.rs	EVP.rs	1	0a0b4c9afc929b9de49197288ef728302290d8911e46583af276d89f4bde5fec	native_implementation
R0282	runtime_source	src/runtime/crypto/HMAC.rs	HMAC.rs	1	27493f0b441493d71c4d5b4d69f6ae0bd2933c3eced9034dc97c8e1035560d0a	native_implementation
R0283	runtime_source	src/runtime/crypto/PBKDF2.rs	PBKDF2.rs	1	befed63adc7e934500890a35f484da13e33ad2b31b077e3acdc40f3175bea06a	native_implementation
R0284	runtime_source	src/runtime/crypto/PasswordObject.rs	PasswordObject.rs	1	3ae510935ec41e159032660a461f2909df65bec1d7496fb301c03163daca3730	native_implementation
R0285	runtime_source	src/runtime/crypto/boringssl_jsc.rs	boringssl_jsc.rs	1	5ab206568f8e732791d9ea818c48be9d7d37ed7c357a6c7009854e3fdb162b20	native_implementation
R0286	runtime_source	src/runtime/crypto/crypto.classes.ts	crypto.classes.ts	1	f69ee2668c5e5fe23b88a9aef50817d48d14059b0a474a8d394880774a21f719	native_implementation
R0287	runtime_source	src/runtime/crypto/mod.rs	mod.rs	1	6599555d69ffb19874e6b0fb9e80e5dcb8f2c3d63648d2e8a3df2bc7a2e98fcf	native_implementation
R0288	runtime_source	src/runtime/crypto/pwhash.rs	pwhash.rs	1	11b1735f92d46fe254ebf2844b863b92f59f01f8032c7826967eb7bafe7292e7	native_implementation
R0289	runtime_source	src/runtime/dispatch.rs	dispatch.rs	1	255af9393f135b6d08653188ab27042d8346f3d78efa2e61e838617d49bdc1cf	native_implementation
R0290	runtime_source	src/runtime/dispatch_js2native.rs	dispatch_js2native.rs	1	ab32f48377532ad708625093a982c6186a8301e49ae71f39cb649aed0a19cf26	native_implementation
R0291	runtime_source	src/runtime/dns_jsc/cares_jsc.rs	cares_jsc.rs	1	75218c42dc979549d5384b98916cadf8d8f18ea36a82aa7d51ce09599707ab0a	native_implementation
R0292	runtime_source	src/runtime/dns_jsc/dns.rs	dns.rs	1	53d67b32fe42ce8788ed9ac5cee7fb0058e18494024a6f62a51fb5346b7027b7	native_implementation
R0293	runtime_source	src/runtime/dns_jsc/mod.rs	mod.rs	1	ef65d752898517f64adca18c900c953b6e9d83602ac912ed341ae1dd55d4a68d	native_implementation
R0294	runtime_source	src/runtime/dns_jsc/options_jsc.rs	options_jsc.rs	1	38a0a88c0bcfd9d0b8d3123b09ea9114c1ca2785a0cd4e959cc2a2c43e74291e	native_implementation
R0295	runtime_source	src/runtime/error.rs	error.rs	1	dcd7212462aba947eb60bad23d51cac2c9b40bd435b517d5cda7aca6a3b9e2b7	native_implementation
R0296	runtime_source	src/runtime/ffi/FFI.h	FFI.h	1	2178bda5d4427eb4d42a98cd447f21cce2f22c33cd644ba6d149d66d95cb177a	native_implementation
R0297	runtime_source	src/runtime/ffi/FFIObject.rs	FFIObject.rs	1	84aa877b28fbc5186c6e79b89ebc4c597ea24bba3df7b60ae1c100a3b64c0512	native_implementation
R0298	runtime_source	src/runtime/ffi/abi_type.rs	abi_type.rs	1	030810309aa95bcf675b86c56d6d23d1c514b62a807e3852092aca8bea1599cd	native_implementation
R0299	runtime_source	src/runtime/ffi/ffi-stdalign.h	ffi-stdalign.h	1	6e2cf7f87e98c07119c350cb1dbdef911cc55686427a7f28e150864728a7b0d0	native_implementation
R0300	runtime_source	src/runtime/ffi/ffi-stdarg.h	ffi-stdarg.h	1	a38f8d34f5e09658cc3a8892b3a7e80ff566eaeedc194e5a85ece0b675993137	native_implementation
R0301	runtime_source	src/runtime/ffi/ffi-stdatomic.h	ffi-stdatomic.h	1	91f66a3991ad7511ca394f862bdd6269011952d850b66144b106691c6baaf117	native_implementation
R0302	runtime_source	src/runtime/ffi/ffi-stdbool.h	ffi-stdbool.h	1	1b23155c9889f5cb8fbee261941985a7bcbfe44afa474bdacdcc637034af9bde	native_implementation
R0303	runtime_source	src/runtime/ffi/ffi-stddef.h	ffi-stddef.h	1	4a49fcdb077eb29ef95ffc8f71592ca0dece078c16c5995685608e6774b82f45	native_implementation
R0304	runtime_source	src/runtime/ffi/ffi-stdnoreturn.h	ffi-stdnoreturn.h	1	ec64d8fbf7fb2e800df9784b2efca0a99fc25a3eb5e8da56e4df098937f787f2	native_implementation
R0305	runtime_source	src/runtime/ffi/ffi-tgmath.h	ffi-tgmath.h	1	d328a731188f3f655ecb1c414ecbd55e48a2f16ba7bf5561c04d5f0287b570c1	native_implementation
R0306	runtime_source	src/runtime/ffi/ffi.classes.ts	ffi.classes.ts	1	adfcedf239ed100501e1b14ef54a8369b21a7824adddf918be7f05aed156912a	native_implementation
R0307	runtime_source	src/runtime/ffi/ffi_body.rs	ffi_body.rs	1	59d01a4f6822da9c27edc97c9fd7551fc79fa3fe25d3cfa238bab5186e4626c4	native_implementation
R0308	runtime_source	src/runtime/ffi/libtcc1.a.macos-aarch64	libtcc1.a.macos-aarch64	1	3b8e692812ffe62131aa4b566515b85aaa82d7ab67a49a3224bb1f8dec726b63	native_implementation
R0309	runtime_source	src/runtime/ffi/libtcc1.c	libtcc1.c	1	67638bd4fcadb1e827465254f32653cf8d263fed54d2d72fd20ea4fc813217da	native_implementation
R0310	runtime_source	src/runtime/ffi/mod.rs	mod.rs	1	37c516704f7ae8ddc82475dce09dcd0fe7661487a7786a29f97d7240ba2d9eaa	native_implementation
R0311	runtime_source	src/runtime/generated_classes.rs	generated_classes.rs	1	8a742e7dee464591cd93b2dfe6bbf3fc99cd965765b3744712b8c54c00c15703	native_implementation
R0312	runtime_source	src/runtime/generated_host_exports.rs	generated_host_exports.rs	1	fd5504a35131c0a67d039030e4dff0344d5c54ca6dc75f1798f8778bcac0d158	native_implementation
R0313	runtime_source	src/runtime/generated_js2native.rs	generated_js2native.rs	1	2e07121c2cb10d9ab48ca670f1c7907628fcbf975ea3b024eb14ff863a1ba69c	native_implementation
R0314	runtime_source	src/runtime/generated_jssink.rs	generated_jssink.rs	1	d5fdb836468abe3e5da562513e79509b6916bd9a07c1cb4ed1e93ce156d1462f	native_implementation
R0315	runtime_source	src/runtime/hw_exports.rs	hw_exports.rs	1	424761a358440a51d940453c7279c01066242b09533a01d029cdd7ec8f81969a	native_implementation
R0316	runtime_source	src/runtime/image/Image.classes.ts	Image.classes.ts	1	cca93c4274a2fe6674817a29db112c604e2743e0732eae0290f2b61212f2b47e	native_implementation
R0317	runtime_source	src/runtime/image/Image.rs	Image.rs	1	645e43746b6f206eb9c66fb5cc5ef9ecde26feabea9f19eceeaf1a8fd06a650a	native_implementation
R0318	runtime_source	src/runtime/image/README.md	README.md	1	77c6caa810dba8759d06db435919c2a3b04a694887b01afbdbd05d64be056c91	native_implementation
R0319	runtime_source	src/runtime/image/backend_coregraphics.rs	backend_coregraphics.rs	1	07cd321ea13e516e2b571f523ea8826728cb88450d6cf42fcad4da4d9016a2ce	native_implementation
R0320	runtime_source	src/runtime/image/backend_wic.rs	backend_wic.rs	1	6f66ca5a78aec0223ab7c0b40c6c9895c4a089c2e8af40221e107f2516e56705	native_implementation
R0321	runtime_source	src/runtime/image/codec_bmp.rs	codec_bmp.rs	1	e453a81783ca6f0333e55ace757b804c6970ecde5fdc60406e4be4d7e5457d19	native_implementation
R0322	runtime_source	src/runtime/image/codec_gif.rs	codec_gif.rs	1	96b5be8f8a660652e6e628e156b47311825de8eb15a7b0ccef3ec21faf454604	native_implementation
R0323	runtime_source	src/runtime/image/codec_jpeg.rs	codec_jpeg.rs	1	0b574406d1b33e294eafed8d853a73605dea67f3526689892e16e2aead8e5364	native_implementation
R0324	runtime_source	src/runtime/image/codec_png.rs	codec_png.rs	1	1e98caa1bd19b168a0da04b7af95c55196116c77f8b66dbef9fff57df659950d	native_implementation
R0325	runtime_source	src/runtime/image/codec_webp.rs	codec_webp.rs	1	8f379dbd7f0b5975be5c522d13932b71000e407cef588712f09f2f4408682f06	native_implementation
R0326	runtime_source	src/runtime/image/codecs.rs	codecs.rs	1	da7e9c589282136c01180541dbb9676874e1b490187812104ee8de26aff67e63	native_implementation
R0327	runtime_source	src/runtime/image/exif.rs	exif.rs	1	ed6f9255e29176b1175ea3f9ecb6637c4779a0d90889b19e50a48aa3229df764	native_implementation
R0328	runtime_source	src/runtime/image/mod.rs	mod.rs	1	e1b94420d8497feda2cef64fa1719656e64eebe8fac357f4171819f2db6cbec9	native_implementation
R0329	runtime_source	src/runtime/image/quantize.rs	quantize.rs	1	f4239cd8b7d659762803af7a87fec32cd0738978ea621c2ac2846bed302a4c1b	native_implementation
R0330	runtime_source	src/runtime/image/thumbhash.rs	thumbhash.rs	1	a6fbdc23590d9b098ff403562cf63ac6a09fe1d5d2b819a33d7c66e8f3abfd6d	native_implementation
R0331	runtime_source	src/runtime/ipc_host.rs	ipc_host.rs	1	18d2e2a8c177248a64eaaf8f00428f5a84a5f783f02da0f4c9ed30065cf3b50b	native_implementation
R0332	runtime_source	src/runtime/jsc_hooks.rs	jsc_hooks.rs	1	dbe9b513fde2f5e19341913215770eabd6211d19533a413d15ff466a553cc187	native_implementation
R0333	runtime_source	src/runtime/lib.rs	lib.rs	1	b2014c0dae68d28192a5ad219b457e1865a9462f99cc6a0eb62aa6641b16726e	native_implementation
R0334	runtime_source	src/runtime/linear_fifo_testing.rs	linear_fifo_testing.rs	1	bc0a20db37f2b7fe0333f5edd907dc2fbd2859f085466e2899cf059f481ce688	native_implementation
R0335	runtime_source	src/runtime/napi/js_native_api.h	js_native_api.h	1	71fcaf71204a6876dbeb9cd8a6d81fcce87c1f6cdbf2b647fe99dcc11a909695	native_implementation
R0336	runtime_source	src/runtime/napi/js_native_api_types.h	js_native_api_types.h	1	7c1e58519774d48278cda996c834de9de8230f9a4d7ee2a5ef37f29d7798e06b	native_implementation
R0337	runtime_source	src/runtime/napi/mod.rs	mod.rs	1	4676f8ad56146aaad3835158adcaffbfe597a195007e780be58b2383b6995c55	native_implementation
R0338	runtime_source	src/runtime/napi/napi_body.rs	napi_body.rs	1	0ac50c8349590140408001bd8aa7c4cb6edfcee8e4e14a2c69dec4e7ab2fed63	native_implementation
R0339	runtime_source	src/runtime/napi/node_api.h	node_api.h	1	ed7630cbf5f47668400b7df7ebceea7e674fa4b17995bb715a3c330c50cd5ec6	native_implementation
R0340	runtime_source	src/runtime/napi/node_api_types.h	node_api_types.h	1	f6b12f1d0337128cf9e39921810f26bfcf63a22b44a99c3e445beb13efb171da	native_implementation
R0341	runtime_source	src/runtime/node.rs	node.rs	1	81bb097a5f35c04324f057be4c8900a0a98e257a750d627a32d6cf6394748272	native_implementation
R0342	runtime_source	src/runtime/node/Stat.rs	Stat.rs	1	cb8041c622ab7d5dbdd49356ecd04b2377162e787d5d6bbf1165d72947e1c7a7	native_implementation
R0343	runtime_source	src/runtime/node/StatFS.rs	StatFS.rs	1	d5e55b5ec086001cb20975b7176be7b727a51e77bba21d925de4ce5e5e9e1cf5	native_implementation
R0344	runtime_source	src/runtime/node/assert/myers_diff.rs	myers_diff.rs	1	96914f7696affb23181fdc27a74d817a56033d6365e4f6b0feb7a53ba484e73e	native_implementation
R0345	runtime_source	src/runtime/node/buffer.rs	buffer.rs	1	1bc49e6bd5443da88ce836f565e2bbe6b825570199c8d2ed314a85f7f866f822	native_implementation
R0346	runtime_source	src/runtime/node/dir_iterator.rs	dir_iterator.rs	1	27b928e6642436042f3ad28d1a2fa1b74c5df79b49e02198377e7fe1ab29640d	native_implementation
R0347	runtime_source	src/runtime/node/fs_events.rs	fs_events.rs	1	7ce261b4ce93ae6421562515c0067e41f29789c514afe212acba98905bd258be	native_implementation
R0348	runtime_source	src/runtime/node/memory_pressure.rs	memory_pressure.rs	1	ebd561be0484647756fd063583d55dfb106f1227acf557b1dde43610d3ecafe5	native_implementation
R0349	runtime_source	src/runtime/node/net/BlockList.rs	BlockList.rs	1	041aa99a95ac7fbf9712797bceb7e8c6a71fa2d96f434f576b910f0c3f119390	native_implementation
R0350	runtime_source	src/runtime/node/node.classes.ts	node.classes.ts	1	9bc146b7e0c785c62bdc8e4593e8ff5b762e291f2e79af1f0fe809601073097e	native_implementation
R0351	runtime_source	src/runtime/node/node_assert.rs	node_assert.rs	1	c651a35acc6819d09b3d9cd00d7ba071a925ee417896af2bb29276743332ef1d	native_implementation
R0352	runtime_source	src/runtime/node/node_assert_binding.rs	node_assert_binding.rs	1	6d6a8bd3540f56ff8912e5f3d03f4f8299e541f86f1a918edaa3e0f2885b685d	native_implementation
R0353	runtime_source	src/runtime/node/node_cluster_binding.rs	node_cluster_binding.rs	1	457d1ef9b3ecd728423bbdc1555e13e96503e4517386753043e807d31538641d	native_implementation
R0354	runtime_source	src/runtime/node/node_crypto_binding.rs	node_crypto_binding.rs	1	b9ffb89daac74f1ff49b079337dcdf3a2113e0866360d4cfa655c465137d1ef5	native_implementation
R0355	runtime_source	src/runtime/node/node_error_binding.rs	node_error_binding.rs	1	d6dddb457b2c99869b58d496bbddd19d734cc8a5b73c92da898eca03d76a1422	native_implementation
R0356	runtime_source	src/runtime/node/node_fs.rs	node_fs.rs	1	4311ae4d32afd97edba2c663263f358af4ffe53eb442c23d91afd9802de76d8e	native_implementation
R0357	runtime_source	src/runtime/node/node_fs_binding.rs	node_fs_binding.rs	1	2252990f6c952f5061f3400991ab6728c4cc6015cb081d0f886e75c1314bff89	native_implementation
R0358	runtime_source	src/runtime/node/node_fs_constant.rs	node_fs_constant.rs	1	8801161970d37ad784ba555f768f6fedda2438b46e00e93b0a81b4e878fa6f6e	native_implementation
R0359	runtime_source	src/runtime/node/node_fs_stat_watcher.rs	node_fs_stat_watcher.rs	1	e66db417346c00687b9ffa4a095dd3b7812d477be5266a74f11b20193b84704e	native_implementation
R0360	runtime_source	src/runtime/node/node_fs_watcher.rs	node_fs_watcher.rs	1	84136b3a7d10e598ba4999263027b1670a625b32e193d3b97ba49323d6a1d391	native_implementation
R0361	runtime_source	src/runtime/node/node_http_binding.rs	node_http_binding.rs	1	1288e8b0018208dce8f8638c44af6c7ce9ed765dbfb561295af2de2640e037d5	native_implementation
R0362	runtime_source	src/runtime/node/node_net_binding.rs	node_net_binding.rs	1	a57d1fec0e148e28abb9c9b845d55ad6233df157517c5324bf5f6977f4850913	native_implementation
R0363	runtime_source	src/runtime/node/node_os.bind.ts	node_os.bind.ts	1	70fa82fef11a7d207d2285573338e24b850e0cd6a28287c12e576aca8539adb6	native_implementation
R0364	runtime_source	src/runtime/node/node_os.rs	node_os.rs	1	c240080b650a64486a1d84fe3916ac4c293be13432ab1cb2739247324d877802	native_implementation
R0365	runtime_source	src/runtime/node/node_process.rs	node_process.rs	1	36409d7f07015c9bebb3aa0184c2605f468ef5e03ecc72158bc72a6ba2e72941	native_implementation
R0366	runtime_source	src/runtime/node/node_quic_binding.rs	node_quic_binding.rs	1	341769f5ec69e4f93b7eb7f9cebb67527691529bb430c23732d4c2478119609a	native_implementation
R0367	runtime_source	src/runtime/node/node_util_binding.rs	node_util_binding.rs	1	fc8900fb7843ab573e4a884f6c0a7ae175450a705db4b162e32942676cb27534	native_implementation
R0368	runtime_source	src/runtime/node/node_zlib_binding.rs	node_zlib_binding.rs	1	60789f396b19a3742384d8b42e24fb35081fbaf9d6aad13a33e46bb93ef5f6b5	native_implementation
R0369	runtime_source	src/runtime/node/nodejs_error_code.rs	nodejs_error_code.rs	1	30a4ee14a6a8f949a11af8e3210a7710f6a9215ed87692bed51f704fc511ffe4	native_implementation
R0370	runtime_source	src/runtime/node/path.rs	path.rs	1	a065a4a1ce2e003d2b4a32e60b8ea85ab72193247e2cbb653ff9e26014a0b8c5	native_implementation
R0371	runtime_source	src/runtime/node/path_watcher.rs	path_watcher.rs	1	c9ada89e8099b15af8f9c7fdbd26070590bfdd9bd1b65340a3228b179ed9f29b	native_implementation
R0372	runtime_source	src/runtime/node/quic/endpoint.rs	endpoint.rs	1	5b3c117f25bc33b125af049fffe12160fd49c0cc15c68c8977c63f72337e7e64	native_implementation
R0373	runtime_source	src/runtime/node/quic/ffi.rs	ffi.rs	1	e0309da1dd85feeb07c051e48c70f2515937d72fbeb6f796f6676f1c11d55fe6	native_implementation
R0374	runtime_source	src/runtime/node/quic/mod.rs	mod.rs	1	a29c4e23cc28f456deac53cf93ffebf09994e63a4e3ba654664ca04232b302f9	native_implementation
R0375	runtime_source	src/runtime/node/quic/quic.classes.ts	quic.classes.ts	1	acc538031163e974fb90d1ae05e5ae76ccb9f934dfdcd35c44164480e23bb349	native_implementation
R0376	runtime_source	src/runtime/node/quic/session.rs	session.rs	1	7547b32007a7152f02141e2eda9c9a0286d851caf28a11c75adb8bb91302abcb	native_implementation
R0377	runtime_source	src/runtime/node/quic/stream.rs	stream.rs	1	522482f3b8f4440fbfd458a48d2ce6e37751cfb055386a1e94d37207058441c5	native_implementation
R0378	runtime_source	src/runtime/node/quic/tls.rs	tls.rs	1	926582c4187abb78f792d3c879c622bc048484475f326571a4cef45c6fb81df8	native_implementation
R0379	runtime_source	src/runtime/node/time_like.rs	time_like.rs	1	c115297d0314fbbc94968a991096d0747df6ebd133f46aaa28a6a37bd49c9f8c	native_implementation
R0380	runtime_source	src/runtime/node/types.rs	types.rs	1	df48bfa8bb5e22acdf4f7afc86fdae050c3152556326793f3c2d26a5d0a38f20	native_implementation
R0381	runtime_source	src/runtime/node/util/parse_args.rs	parse_args.rs	1	c1d129f23a96e9fe92659bef2231ff8c8281765764d3112c519d7a9c336e5b8b	native_implementation
R0382	runtime_source	src/runtime/node/util/parse_args_utils.rs	parse_args_utils.rs	1	3e3fb100503b2cfeecb029f681cf717cdc92c3262d8b3c4605ef3fb1418b5569	native_implementation
R0383	runtime_source	src/runtime/node/util/validators.rs	validators.rs	1	0727e287f112fa104dec5d8dd864ec854202270bb19c17882c7bd135d7aefa67	native_implementation
R0384	runtime_source	src/runtime/node/uv_signal_handle_windows.rs	uv_signal_handle_windows.rs	1	b3c58b3b3b13001e3f65ac22bc51b88bc66afce94a66f5976a1d64ae593182a2	native_implementation
R0385	runtime_source	src/runtime/node/win_watcher.rs	win_watcher.rs	1	b9507627cc7e15708f9de658fb89e7d939dc34e93e34de3e6f33a94401592cb0	native_implementation
R0386	runtime_source	src/runtime/node/zlib/NativeBrotli.rs	NativeBrotli.rs	1	a18e25c31865e66d593c06611455382a00f79ebdb862fabac89cc2c10e1681d3	native_implementation
R0387	runtime_source	src/runtime/node/zlib/NativeZlib.rs	NativeZlib.rs	1	88731cdf0c5e96992afb2c341ff6dbfa5f68f44989e91ef521f0f371bfe630d0	native_implementation
R0388	runtime_source	src/runtime/node/zlib/NativeZstd.rs	NativeZstd.rs	1	be174bcefbf48cad99a76082e2ede9339bd4f184188d5e9203c55e6bbea376ac	native_implementation
R0389	runtime_source	src/runtime/server/AnyRequestContext.rs	AnyRequestContext.rs	1	230df554623075e05bd2727157d0cce8b550ec41c7ba137ebe69efa4c7cbfbdf	native_implementation
R0390	runtime_source	src/runtime/server/DirectoryRoute.rs	DirectoryRoute.rs	1	01c59d89ed82ed72d5d60933930718cf962553b591aa4b4e6998ee6d2140a7f3	native_implementation
R0391	runtime_source	src/runtime/server/FileResponseStream.rs	FileResponseStream.rs	1	90ee100fe901570cb6269b0a32f8962e89cd8562546cb764028eea998973037b	native_implementation
R0392	runtime_source	src/runtime/server/FileRoute.rs	FileRoute.rs	1	1ed02c0f0403e7ba9cd7868e320101c4e912d2fa4a0a443b8fc4dce78e74d87c	native_implementation
R0393	runtime_source	src/runtime/server/HTMLBundle.rs	HTMLBundle.rs	1	708bb55c74262e2cb0dd4c53558400258b45c0454dbdd7f0a24407d934f42e8a	native_implementation
R0394	runtime_source	src/runtime/server/HTTPStatusText.rs	HTTPStatusText.rs	1	86cad5ab14b20821d8df96ff522e358254ecaa688b99c83fc046c6f08da02d36	native_implementation
R0395	runtime_source	src/runtime/server/NodeHTTPResponse.rs	NodeHTTPResponse.rs	1	2fdd65b5aac3e8f9efaa352e3b4b1cbd4266eb8fed6796dacbe15701162d51f5	native_implementation
R0396	runtime_source	src/runtime/server/RangeRequest.rs	RangeRequest.rs	1	6275b9f4c6e7f6c0f01fe7fdae491cc78cd3ac745ffeb6806da2324d01b0be42	native_implementation
R0397	runtime_source	src/runtime/server/RequestContext.rs	RequestContext.rs	1	c1c20976ce9a81e367b4bf2cdea291a4cd7c99364fe10405108c843e94c79216	native_implementation
R0398	runtime_source	src/runtime/server/ServerConfig.rs	ServerConfig.rs	1	5138ed292184bf0edd93b7a7415ff7661001baac7f30ef8094e7725fb707b4c1	native_implementation
R0399	runtime_source	src/runtime/server/ServerWebSocket.rs	ServerWebSocket.rs	1	92a791720329a3828c485bbf174d3609383352f6add02ff1eaece62def464437	native_implementation
R0400	runtime_source	src/runtime/server/StaticRoute.rs	StaticRoute.rs	1	e3e9fefd89820522b8a4ae7ef78311ebd911fb036219598e0b0dbe947b666ad6	native_implementation
R0401	runtime_source	src/runtime/server/WebSocketServerContext.rs	WebSocketServerContext.rs	1	0601edfbbbd7dcf2f8e2033b2a1205f139946c8eb41672c4d9996839b7e27089	native_implementation
R0402	runtime_source	src/runtime/server/mod.rs	mod.rs	1	358a5ecfbd365e058e4b1a562945b537c6b0076f78dec1429849d7b3afb998ed	native_implementation
R0403	runtime_source	src/runtime/server/server.classes.ts	server.classes.ts	1	6a3ddab564826d5d4d2c4dae285e9fda5d4807ab3f0475710c1f74fc0cc3eb60	native_implementation
R0404	runtime_source	src/runtime/server/server_body.rs	server_body.rs	1	8ed8b05d2551d2c43cebeff36f08b3c9c36e7d55c1f4824ba8adc7314e79e016	native_implementation
R0405	runtime_source	src/runtime/shell/Builtin.rs	Builtin.rs	1	4aaba73744a857fa22bd5aecfdcee99d7dd3b12eea980b3206d40f7b8d4af8ff	native_implementation
R0406	runtime_source	src/runtime/shell/EnvMap.rs	EnvMap.rs	1	2796b85282dd3dfb965efe29bb89abfe264938d1a1a231e972c3b8e9356b32cf	native_implementation
R0407	runtime_source	src/runtime/shell/EnvStr.rs	EnvStr.rs	1	6e342a70135ae17655fd87ebb61f24f84b6ca734525a2182da8e237a6f5d89ca	native_implementation
R0408	runtime_source	src/runtime/shell/IO.rs	IO.rs	1	e13ca8c17d9b4712c2b9ce4195e52cab7ace9e566bee9e20ed8f0fb53d993cd1	native_implementation
R0409	runtime_source	src/runtime/shell/IOReader.rs	IOReader.rs	1	ba5164c22804546342883c003c071ea6f349470dd55f9fb2210daf8825241545	native_implementation
R0410	runtime_source	src/runtime/shell/IOWriter.rs	IOWriter.rs	1	0729226d48350f1f8712e37418e778e4470700561868335c3e3089f8198cd836	native_implementation
R0411	runtime_source	src/runtime/shell/ParsedShellScript.rs	ParsedShellScript.rs	1	48c9befc8303cb9de01afda467df149f462050b77b48736121c37e2f874f3c50	native_implementation
R0412	runtime_source	src/runtime/shell/RefCountedStr.rs	RefCountedStr.rs	1	6caba15ced7fdb4a889dbdfc6f15708c6be23cd55b8f7765e974166cbf775578	native_implementation
R0413	runtime_source	src/runtime/shell/Yield.rs	Yield.rs	1	6ea2f10812ad5091b44f79922c86197d75aad7296705e529ed1e3d3e3a3c9ed0	native_implementation
R0414	runtime_source	src/runtime/shell/builtin/basename.rs	basename.rs	1	2cbbf783be46c47aab4c98a809adc47ccac544aca9548a5f62e4851270c97a06	native_implementation
R0415	runtime_source	src/runtime/shell/builtin/cat.rs	cat.rs	1	1742e4eb675dae5b281138e175f5e3060e1188da2ef30362e52667bfc14d9c9e	native_implementation
R0416	runtime_source	src/runtime/shell/builtin/cd.rs	cd.rs	1	35970a13f6c1820813f5e91183f9b70a907424426314d93ea5904afdf82e39e5	native_implementation
R0417	runtime_source	src/runtime/shell/builtin/cp.rs	cp.rs	1	c39cc9539c109c47dfb5437294895cb7e020b3b234712504896032708bdcc07f	native_implementation
R0418	runtime_source	src/runtime/shell/builtin/dirname.rs	dirname.rs	1	1aeedc20cf6d8fd98a6734d39fd6bb385ea460379d5d4059dcd6159b67c3142f	native_implementation
R0419	runtime_source	src/runtime/shell/builtin/echo.rs	echo.rs	1	c9a8df0388d052738f7bca890e63f5d8fb10d0f9d17c3b90cf8c136f7e04278f	native_implementation
R0420	runtime_source	src/runtime/shell/builtin/exit.rs	exit.rs	1	6253d164ee8bcaa3c91492a022268f57b3347fc065ca5f08d2a2471ad0f603c3	native_implementation
R0421	runtime_source	src/runtime/shell/builtin/export.rs	export.rs	1	64415197eb2cd8c223b349a1346e1fc15255da538c699bddefc3639c32a265e4	native_implementation
R0422	runtime_source	src/runtime/shell/builtin/false_.rs	false_.rs	1	1d1c52c0823e32b46cfaf31c99a7321bc899b0a4501ae4617903afe2e6fb6c1d	native_implementation
R0423	runtime_source	src/runtime/shell/builtin/ls.rs	ls.rs	1	e25e94e8fb93dbaebd1067a7839b49a6dc7db8a350a829e8d09a4948de48b2b9	native_implementation
R0424	runtime_source	src/runtime/shell/builtin/mkdir.rs	mkdir.rs	1	9bd506d8a7245e4c14e7316496bc9ccca6c0d596206d39906f82b37c4cb0fc71	native_implementation
R0425	runtime_source	src/runtime/shell/builtin/mv.rs	mv.rs	1	2b1f1d6e31702b9743b7cc6f0b896c7dbab98e11620af62a098eee5413199aea	native_implementation
R0426	runtime_source	src/runtime/shell/builtin/pwd.rs	pwd.rs	1	03e599319016e5270d00a88e50a19b9853505ecaed2c6581409b0e9739edbbcd	native_implementation
R0427	runtime_source	src/runtime/shell/builtin/rm.rs	rm.rs	1	ba78a921b5f646bcfca392a4dec9374d6b48bfdeffb181496ae67f88d085e496	native_implementation
R0428	runtime_source	src/runtime/shell/builtin/seq.rs	seq.rs	1	f8d876b4553a92915a8b879fc3d852253625f2a8d892c326868556ce1fcd3708	native_implementation
R0429	runtime_source	src/runtime/shell/builtin/touch.rs	touch.rs	1	fbf5a58b9a36c5d2c7c6add3a32ad81035f26d0f9793684374a84fa84f320831	native_implementation
R0430	runtime_source	src/runtime/shell/builtin/true_.rs	true_.rs	1	a61a5c7aaff2744f2aa19c880062f08a7d62be1bd398d94484c0d49a06415832	native_implementation
R0431	runtime_source	src/runtime/shell/builtin/which.rs	which.rs	1	37f233f7a2b0c53ab41b7aa77f3dd55bc3771caea3fde59ab7f4f089dfd49615	native_implementation
R0432	runtime_source	src/runtime/shell/builtin/yes.rs	yes.rs	1	989c8d3eeace0ab01a20ab679c9aece2d7bce818acb31b09e3f4398bb9cdd86e	native_implementation
R0433	runtime_source	src/runtime/shell/dispatch_tasks.rs	dispatch_tasks.rs	1	a110a36dbde31a84018a7d4c46844cf856478a27f6e5c12014e08e4018b5fff2	native_implementation
R0434	runtime_source	src/runtime/shell/interpreter.rs	interpreter.rs	1	b736267d38d5528be936d6c1076020a21c483994fcce6f05ef8987c176748ce4	native_implementation
R0435	runtime_source	src/runtime/shell/mod.rs	mod.rs	1	15658b1c83272b9f4d1b0cdcd9c8fb23391089341926b741443a21cb3b4a3de3	native_implementation
R0436	runtime_source	src/runtime/shell/shell_body.rs	shell_body.rs	1	efe1517c505c5cc04fce80df4dc3c6a8377f4fed8a93d590200f1b7193f8d274	native_implementation
R0437	runtime_source	src/runtime/shell/states/Assigns.rs	Assigns.rs	1	d1ed26a2bce2a371e8c071b745995f353477f306a0233d42428ca20035305548	native_implementation
R0438	runtime_source	src/runtime/shell/states/Async.rs	Async.rs	1	1c99fabbd3e887cd2b9722b0da66a2d04515054652f492d33b61d8b1318c11a1	native_implementation
R0439	runtime_source	src/runtime/shell/states/Base.rs	Base.rs	1	8728f55139a6273f8dc46842d8752598d8a9a14719aaa0df775aea505f8a812a	native_implementation
R0440	runtime_source	src/runtime/shell/states/Binary.rs	Binary.rs	1	4323714a7567a1d7e5b5a6664ab83ff0067565fbb6c4c165b438cbf2075ff632	native_implementation
R0441	runtime_source	src/runtime/shell/states/Cmd.rs	Cmd.rs	1	554819fcd1351284ca61b1543b493ddd832be50dddecfc88c2d919ef670ea7d3	native_implementation
R0442	runtime_source	src/runtime/shell/states/CondExpr.rs	CondExpr.rs	1	fdae9739f6cdaf41b2d8b6592af24e7800487cb4cda598e2c327208383ec4e28	native_implementation
R0443	runtime_source	src/runtime/shell/states/Expansion.rs	Expansion.rs	1	27a56fba2be39ae5f8be6830512c34a485afe4317e6dbc237b300ecd4b655df3	native_implementation
R0444	runtime_source	src/runtime/shell/states/If.rs	If.rs	1	3deb28f89c3ac3727159a277b604f789071c6ab26385e8f7803b3f8e4634c87f	native_implementation
R0445	runtime_source	src/runtime/shell/states/Pipeline.rs	Pipeline.rs	1	6219c07a0dc8f5986cf89ebacd6a61976c2a51e7900bac18826511c90ddfb5c9	native_implementation
R0446	runtime_source	src/runtime/shell/states/Script.rs	Script.rs	1	8247df6ecdeec8b3bafde933f82ab50fc633a1c641d5bad5cc0509c3a9406a12	native_implementation
R0447	runtime_source	src/runtime/shell/states/Stmt.rs	Stmt.rs	1	daf007feb61d738b05bd47de2bf0875c1a0728e353ec24dc2a56874f5bd16bde	native_implementation
R0448	runtime_source	src/runtime/shell/states/Subshell.rs	Subshell.rs	1	c8b5993d28c8495ba5ba613b7ac7a75bbd1ab0638ed12340f64ed312097e6f98	native_implementation
R0449	runtime_source	src/runtime/shell/subproc.rs	subproc.rs	1	04bc9f47308562d62553b7bea4c3b99d49b8605ed7e95b70405c954266753fb9	native_implementation
R0450	runtime_source	src/runtime/shell/util.rs	util.rs	1	e1cbd2194a444278adaf826d5dfc34b195f943ac78a28da7a48baf84835545e8	native_implementation
R0451	runtime_source	src/runtime/socket/Handlers.rs	Handlers.rs	1	fdbe917127681a400db9a455e378ff721338746fa6e3676d9e459188b0775e72	native_implementation
R0452	runtime_source	src/runtime/socket/JSSocketHandlers.rs	JSSocketHandlers.rs	1	539e224cde980077134bec3d28d8c36032dc3a8584a1439b28fc1c00b6b2af17	native_implementation
R0453	runtime_source	src/runtime/socket/Listener.rs	Listener.rs	1	fb7f7aa8eeec7643542b4bf152371cc0ecddb3283ef0dd3a546dcce346e8c987	native_implementation
R0454	runtime_source	src/runtime/socket/SSLConfig.bindv2.ts	SSLConfig.bindv2.ts	1	2ac069a74ec7b8eb0db7990031e8335de62772b9aefb03215ec5efe053c8e3bb	native_implementation
R0455	runtime_source	src/runtime/socket/SSLConfig.rs	SSLConfig.rs	1	3dffd440d971f06a2290232bdc81043ab9f7de51e5e868c3ffab6db586d0b561	native_implementation
R0456	runtime_source	src/runtime/socket/SocketAddress.rs	SocketAddress.rs	1	9e70a0ea7d6615c4b65b3ca29277c38b9a8d6123a0cc7ed28cc4af9dcdf593a7	native_implementation
R0457	runtime_source	src/runtime/socket/SocketConfig.bindv2.ts	SocketConfig.bindv2.ts	1	59f0c33c91159ebdccb46fa0cf1c0237e13ff1de006420bda3729adbc6be3e18	native_implementation
R0458	runtime_source	src/runtime/socket/UpgradedDuplex.rs	UpgradedDuplex.rs	1	6a0b41898111b99be864f6618fe868521aa0aa5aa712a3eb01544735e4c1847e	native_implementation
R0459	runtime_source	src/runtime/socket/WindowsNamedPipe.rs	WindowsNamedPipe.rs	1	bfad85a7dd5b2542a11550c381e63655b00803d2dc115ca4e8792daf38a3720f	native_implementation
R0460	runtime_source	src/runtime/socket/WindowsNamedPipeContext.rs	WindowsNamedPipeContext.rs	1	1c22b416e57ba1aa13c91ead0872ed49a8d2353a400f5fa0eb2d1d7de1da73a0	native_implementation
R0461	runtime_source	src/runtime/socket/mod.rs	mod.rs	1	c655f57c37c0bc0dd0880cfb25b7ae955e255e9ec90b1a9ce2f7380a606c96e1	native_implementation
R0462	runtime_source	src/runtime/socket/socket_body.rs	socket_body.rs	1	7a3e451272869fe865c651dc77bcabfca21272eb7061bc835738c68ca90c3b60	native_implementation
R0463	runtime_source	src/runtime/socket/sockets.classes.ts	sockets.classes.ts	1	268b575a4074cf6ad20a5d783200d7d67bb79475a83299bec05936857cbb0b43	native_implementation
R0464	runtime_source	src/runtime/socket/tls_socket_functions.rs	tls_socket_functions.rs	1	462e1ce995b3cfd64b47cc13ee0da623c9d639c2488b310629f1d5bf0fb13bca	native_implementation
R0465	runtime_source	src/runtime/socket/udp_socket.rs	udp_socket.rs	1	9cb835239aca97c1dc7a47d2c2fe5955985aa6b382c45151b4f3c6ca9028a5de	native_implementation
R0466	runtime_source	src/runtime/socket/uws_dispatch.rs	uws_dispatch.rs	1	223614846183063062f5f1e41599d7d99930b41836efbb2d68ce4723bfd425ff	native_implementation
R0467	runtime_source	src/runtime/socket/uws_handlers.rs	uws_handlers.rs	1	1984bae9252bfff786dd8624b39340b8bf94316d1d8a9f3e2c9fbad19e2a7243	native_implementation
R0468	runtime_source	src/runtime/socket/uws_jsc.rs	uws_jsc.rs	1	08c404b0fbf9fde8d6e56a787eefd1e57a084c92bf35c531ec4066fb8d0e682a	native_implementation
R0469	runtime_source	src/runtime/test_runner/Collection.rs	Collection.rs	1	49fbc4bf1a7ec324e79281f742ede06ea0a9470c5e2154e95518953de684daf1	native_implementation
R0470	runtime_source	src/runtime/test_runner/DoneCallback.rs	DoneCallback.rs	1	fdfee97ac65709474d3a3859acf67762890de1a0b47d29b57da76f577a4bfe03	native_implementation
R0471	runtime_source	src/runtime/test_runner/Execution.rs	Execution.rs	1	76b4438f00dad6afa6974a3a25f278579f3706a377b9b19f282f5f8bc55e2a16	native_implementation
R0472	runtime_source	src/runtime/test_runner/Order.rs	Order.rs	1	af5e053a7e1b3a18715e301f0e85b9ebf64ef01fe6e140789595351087f795c9	native_implementation
R0473	runtime_source	src/runtime/test_runner/ScopeFunctions.rs	ScopeFunctions.rs	1	774c2f1fd9449783664be52a4d8140ac651ebddf034d473cf10a2ea88f8f8c3b	native_implementation
R0474	runtime_source	src/runtime/test_runner/bun_test.rs	bun_test.rs	1	025614beca06772ea82ed58a91517e750f510d8f6824553b4e295e5eedf409cd	native_implementation
R0475	runtime_source	src/runtime/test_runner/debug.rs	debug.rs	1	d74d043762a1d3a82e7b9ca2855bd0b2a623a2b5bbfbb374a233d1e7557835b5	native_implementation
R0476	runtime_source	src/runtime/test_runner/diff/diff_match_patch.rs	diff_match_patch.rs	1	b3079ff132346e8b160813f4f6d4e0015269889b5ae2541609e1f7cde82bdcde	native_implementation
R0477	runtime_source	src/runtime/test_runner/diff/printDiff.rs	printDiff.rs	1	506c5f37d0d845ecbae1fa0550e33be55af3301420b4357bf06e9add5b1390bb	native_implementation
R0478	runtime_source	src/runtime/test_runner/diff_format.rs	diff_format.rs	1	3c800302b7ea3821339bbeda01476baac61ca5241eed3ea662d0d5d3f5c42284	native_implementation
R0479	runtime_source	src/runtime/test_runner/expect.rs	expect.rs	1	9b05d185649db3c70457a03128eff4fc217f06a82bd23ad7d251795358ea3be4	native_implementation
R0480	runtime_source	src/runtime/test_runner/expect/simple_matchers.rs	simple_matchers.rs	1	c4d283dfaaa6d1c80ae8749dcb01b701e56e79456a311a319241d93b58b3cf2d	native_implementation
R0481	runtime_source	src/runtime/test_runner/expect/toBe.rs	toBe.rs	1	b89b1db144cede261e2d92a6ff0442db33ea322f935354a315b4c31b5144823d	native_implementation
R0482	runtime_source	src/runtime/test_runner/expect/toBeArrayOfSize.rs	toBeArrayOfSize.rs	1	84e5cfa5b2e9875e706b69da87f786c118f4d6585254eb4aaab34b84926df68c	native_implementation
R0483	runtime_source	src/runtime/test_runner/expect/toBeCloseTo.rs	toBeCloseTo.rs	1	cfd2bfd49b58181cc890b1b72b915a86f44e9e97e0452571005597001c97d60f	native_implementation
R0484	runtime_source	src/runtime/test_runner/expect/toBeEmpty.rs	toBeEmpty.rs	1	95758bc20fe4cee4a6ecb94c2d5366ee1a4c035e252a1d57f68ce28ae35c9b05	native_implementation
R0485	runtime_source	src/runtime/test_runner/expect/toBeEmptyObject.rs	toBeEmptyObject.rs	1	57b179b7464eb51627ba41cd207bff1d426aba50e2859b408bb2c3c236aced58	native_implementation
R0486	runtime_source	src/runtime/test_runner/expect/toBeEven.rs	toBeEven.rs	1	474e3a8859654c41624c2110bff696379031bfbbaa8c3a8016e7a2b1e0b9d0f1	native_implementation
R0487	runtime_source	src/runtime/test_runner/expect/toBeInstanceOf.rs	toBeInstanceOf.rs	1	b09eb91e8efe9bb946e46f543677b8addb093f892db381de1ed6a96562b00a18	native_implementation
R0488	runtime_source	src/runtime/test_runner/expect/toBeObject.rs	toBeObject.rs	1	f30502a79678e5367c6c10467299898d0777763fdc4a9a4cd384cf11cfe62461	native_implementation
R0489	runtime_source	src/runtime/test_runner/expect/toBeOdd.rs	toBeOdd.rs	1	762748b0abcbc11abc785b8a9c2a528e85999377f85f53a5f4331aec9b974fad	native_implementation
R0490	runtime_source	src/runtime/test_runner/expect/toBeOneOf.rs	toBeOneOf.rs	1	17dcc61346308f9f999f124f56edb4a526fa8dcead511c9e0f393f915b68dd99	native_implementation
R0491	runtime_source	src/runtime/test_runner/expect/toBeTypeOf.rs	toBeTypeOf.rs	1	1e0dc48fffa3c099d7b27638a9464ad7779db6957558900a20799aef260d4220	native_implementation
R0492	runtime_source	src/runtime/test_runner/expect/toBeValidDate.rs	toBeValidDate.rs	1	b0035c4e82348a8bc3a5e1eb8f088b107787c71a01560d5884002957d494e830	native_implementation
R0493	runtime_source	src/runtime/test_runner/expect/toBeWithin.rs	toBeWithin.rs	1	d48f3f4c1edc6376101320d33593f26cf89949cedc72d8e60670b815383065f7	native_implementation
R0494	runtime_source	src/runtime/test_runner/expect/toContain.rs	toContain.rs	1	71ae42079acce59758234e3e39aea172b636aea939f92b17d3f9bfb9e37d52f4	native_implementation
R0495	runtime_source	src/runtime/test_runner/expect/toContainAllKeys.rs	toContainAllKeys.rs	1	da5e671ffb4c25163b8a33a8e4cb1ec4df7fc554680167da7e857b8fab877fde	native_implementation
R0496	runtime_source	src/runtime/test_runner/expect/toContainAllValues.rs	toContainAllValues.rs	1	e84929e39a0a311ee757bdf260ddf0f10a3d61798541db06db178407f8922da8	native_implementation
R0497	runtime_source	src/runtime/test_runner/expect/toContainAnyKeys.rs	toContainAnyKeys.rs	1	921d8dcddcdb527ed17ac93ed1d2059fd9970fe8fe20dc5512250579a1e0f607	native_implementation
R0498	runtime_source	src/runtime/test_runner/expect/toContainAnyValues.rs	toContainAnyValues.rs	1	9d99c0c9c370f234f9b0cf52dbcf90bb2e8c5a0d1b3dfa9227251b7634560b12	native_implementation
R0499	runtime_source	src/runtime/test_runner/expect/toContainEqual.rs	toContainEqual.rs	1	8c096e996692fb486d97b6ecabb69c9059b99873d45e04404b73204b4a83333c	native_implementation
R0500	runtime_source	src/runtime/test_runner/expect/toContainKey.rs	toContainKey.rs	1	5bd7ddda620af3de5d39c0b3759277afcafb0a670c052b0d5ac3386ec8552cdd	native_implementation
R0501	runtime_source	src/runtime/test_runner/expect/toContainKeys.rs	toContainKeys.rs	1	c17d7b5a849d220904ae31b80daa7a929292605ab6b8dbcad385c5916ce019c0	native_implementation
R0502	runtime_source	src/runtime/test_runner/expect/toContainValue.rs	toContainValue.rs	1	50bc5d842626089b5e6cbc0623fa1ce5bfea4be08813eb1c1e0f2ee5ffcf0fb9	native_implementation
R0503	runtime_source	src/runtime/test_runner/expect/toContainValues.rs	toContainValues.rs	1	998de477374c0b724f6f565e28a164878ddc25a1a28e8cb24839024ea99ee4b5	native_implementation
R0504	runtime_source	src/runtime/test_runner/expect/toEqual.rs	toEqual.rs	1	33a5f62912abce6f46414c3e26eb3fa3fb817a9706c9c26db5da2112cd5e65ec	native_implementation
R0505	runtime_source	src/runtime/test_runner/expect/toEqualIgnoringWhitespace.rs	toEqualIgnoringWhitespace.rs	1	32caf1448fb330f43346bb71935b7d5baef4a5a384e174b11998225932890ffb	native_implementation
R0506	runtime_source	src/runtime/test_runner/expect/toHaveBeenCalled.rs	toHaveBeenCalled.rs	1	e812cbb7e18d554a0019bc8360b3df76838098056527470f37620f79b736173b	native_implementation
R0507	runtime_source	src/runtime/test_runner/expect/toHaveBeenCalledOnce.rs	toHaveBeenCalledOnce.rs	1	ba6a613f98f806aeff8fd84b98612d331a7cd6fd4b4109c1e078a463c4a09238	native_implementation
R0508	runtime_source	src/runtime/test_runner/expect/toHaveBeenCalledTimes.rs	toHaveBeenCalledTimes.rs	1	db3fe8f0fd04d1ae5f28a4f4e1234d4cbe2ed56b94b2347de7e7ae3182d4fe01	native_implementation
R0509	runtime_source	src/runtime/test_runner/expect/toHaveBeenCalledWith.rs	toHaveBeenCalledWith.rs	1	ce5b749c0b6f9b91aa8584deaa13d8531cf555207a9efce862070d72225a452e	native_implementation
R0510	runtime_source	src/runtime/test_runner/expect/toHaveBeenLastCalledWith.rs	toHaveBeenLastCalledWith.rs	1	0d3f81f5533b6f491234768456396d9809df8ae1790a8c07bd4cae3053aeebca	native_implementation
R0511	runtime_source	src/runtime/test_runner/expect/toHaveBeenNthCalledWith.rs	toHaveBeenNthCalledWith.rs	1	a9d4c0530c405ca1cc1d8b3ed359ecdc5327d092dff2cfa72ea6d93da3fedb5b	native_implementation
R0512	runtime_source	src/runtime/test_runner/expect/toHaveLastReturnedWith.rs	toHaveLastReturnedWith.rs	1	87a0ff426616896070a17253baa6d80886250e7fc5fbee9a941684bceb73e64e	native_implementation
R0513	runtime_source	src/runtime/test_runner/expect/toHaveLength.rs	toHaveLength.rs	1	168d732c33f25c254fc950c667bf6e76943e368b759ed5387072134c3d68e746	native_implementation
R0514	runtime_source	src/runtime/test_runner/expect/toHaveNthReturnedWith.rs	toHaveNthReturnedWith.rs	1	317b6fd3e04f70b6f5e81ddf1d47660e7ca7b59adeeda173ec4310588918c5fb	native_implementation
R0515	runtime_source	src/runtime/test_runner/expect/toHaveProperty.rs	toHaveProperty.rs	1	e0af9f6ed921f8096dee71f805e6d04294bc45d3bf6ecc07d9b1268583c1d486	native_implementation
R0516	runtime_source	src/runtime/test_runner/expect/toHaveReturned.rs	toHaveReturned.rs	1	1bb4d8bcc3d43d6816f244ae33b101fa35bff112b2071dcfb3a705cc299a4221	native_implementation
R0517	runtime_source	src/runtime/test_runner/expect/toHaveReturnedWith.rs	toHaveReturnedWith.rs	1	74a3e1652315169b27519f056ab4419d8c45a0c8f6c4d11671797de206680b6e	native_implementation
R0518	runtime_source	src/runtime/test_runner/expect/toIncludeRepeated.rs	toIncludeRepeated.rs	1	683b0d911c4afa9f1645a24fe7ad98d896f9e6739352ff3bbfd55740f781829c	native_implementation
R0519	runtime_source	src/runtime/test_runner/expect/toMatch.rs	toMatch.rs	1	a212a1c0f1048e7537ea6904591b4b3643eb8c1e7b16ec6e906e90dd9538b1ea	native_implementation
R0520	runtime_source	src/runtime/test_runner/expect/toMatchInlineSnapshot.rs	toMatchInlineSnapshot.rs	1	f561e3b7b39c41a5bb3c8b4b4c8c699ca3a06171ff3e7234dd7c9619c6ab0103	native_implementation
R0521	runtime_source	src/runtime/test_runner/expect/toMatchObject.rs	toMatchObject.rs	1	533c850520ca2f99d15dd6cc250a20c9cd00bd6955b4dd7c83842dd28b1e7235	native_implementation
R0522	runtime_source	src/runtime/test_runner/expect/toMatchSnapshot.rs	toMatchSnapshot.rs	1	8649c7cef7e96fae963a08f3745a947a240f3017a78375261e86d98322557f12	native_implementation
R0523	runtime_source	src/runtime/test_runner/expect/toSatisfy.rs	toSatisfy.rs	1	643aece455c926889a5b141dba62b59b2b412b4e80410fa974f53ee5fbb0f99e	native_implementation
R0524	runtime_source	src/runtime/test_runner/expect/toStrictEqual.rs	toStrictEqual.rs	1	bce51f51afd2dbf96c683c7c8142fc0dcd2d8476deb2d25fca7c2132a801d00c	native_implementation
R0525	runtime_source	src/runtime/test_runner/expect/toThrow.rs	toThrow.rs	1	1a860478ad68aee55a246f02190ddf4ac26f95175006b280f3adf3698d7fc17c	native_implementation
R0526	runtime_source	src/runtime/test_runner/expect/toThrowErrorMatchingInlineSnapshot.rs	toThrowErrorMatchingInlineSnapshot.rs	1	bd2c5a03f40ebdc295665fc5a5f96aa9f3bff386e8437e2df020cbeb93f194c8	native_implementation
R0527	runtime_source	src/runtime/test_runner/expect/toThrowErrorMatchingSnapshot.rs	toThrowErrorMatchingSnapshot.rs	1	04d664441b2857f8932f1668503eff09899c77feb6476e1723235c8517425bf2	native_implementation
R0528	runtime_source	src/runtime/test_runner/jest.classes.ts	jest.classes.ts	1	1ad89f58f42e1abfdafe94f103a297055be6e65522c4ba95a5e5c9187c589dab	native_implementation
R0529	runtime_source	src/runtime/test_runner/jest.rs	jest.rs	1	3ebfed6901c7afdb8adfd7ee71e675375dc2c4c99685d5110151be009cb4b0a3	native_implementation
R0530	runtime_source	src/runtime/test_runner/mod.rs	mod.rs	1	f9ddfc55513b4a725af17f5175d5c278b77d2361eba94ee27c2aafed0204c701	native_implementation
R0531	runtime_source	src/runtime/test_runner/pretty_format.rs	pretty_format.rs	1	c5f5ef1bf4f4186b0e0294a6cc25a3183676fe6a4070e72d7702513d99375ce9	native_implementation
R0532	runtime_source	src/runtime/test_runner/snapshot.rs	snapshot.rs	1	997fd156cda002f44a1e920e93a20f2ff6a14b00f1d740157e634e9908c0d462	native_implementation
R0533	runtime_source	src/runtime/test_runner/timers/FakeTimers.rs	FakeTimers.rs	1	e19c611e6319c851ac1612db938a419264f61d127076e928c8efcadfd0f81ee2	native_implementation
R0534	runtime_source	src/runtime/test_runner/timers/FakeTimersConfig.bindv2.ts	FakeTimersConfig.bindv2.ts	1	436afc423006276a159318c4ecfd8c701e0480ed5ee036d5cf04d068f1f8abcd	native_implementation
R0535	runtime_source	src/runtime/timer/DateHeaderTimer.rs	DateHeaderTimer.rs	1	c67a6d4fe7f38c3e79c10b0cd361b16f7fb7a12abd045b3eb93928cdc9747aa6	native_implementation
R0536	runtime_source	src/runtime/timer/EventLoopDelayMonitor.rs	EventLoopDelayMonitor.rs	1	073919be558d777065c1bde82b9a1d0cd9533f734f3e9c73fe4b17aaa39fb041	native_implementation
R0537	runtime_source	src/runtime/timer/ImmediateObject.rs	ImmediateObject.rs	1	47a894f1c2c997c58061630320726b77e0e59913c8ffb4ebcae0fbcdcd2537da	native_implementation
R0538	runtime_source	src/runtime/timer/TimeoutObject.rs	TimeoutObject.rs	1	8a864111389bc3cc925512caf1b60ed2cbd696a414338e82418001b7e47eb853	native_implementation
R0539	runtime_source	src/runtime/timer/Timer.rs	Timer.rs	1	2ea597c89d2a2413a8ff72717605f843ffb1f49847ac2f522957b22c57324da5	native_implementation
R0540	runtime_source	src/runtime/timer/WTFTimer.rs	WTFTimer.rs	1	d773483c8370faca1dac6ef0ae336b1b25e25e41040613f11e2a9bb82c8f75e6	native_implementation
R0541	runtime_source	src/runtime/timer/mod.rs	mod.rs	1	f19805381a313761d1e804514be1c4aa7b66ccf184b1782a72ead0081b15350e	native_implementation
R0542	runtime_source	src/runtime/timer/timer_object_internals.rs	timer_object_internals.rs	1	37e389f9909a7db705555c5f9238162c281069e510e4d7582523d99f7bcfff8c	native_implementation
R0543	runtime_source	src/runtime/valkey_jsc/ValkeyCommand.rs	ValkeyCommand.rs	1	937760ca4b5064459a20a6aad890cd84664e92171b4182361f520a16e97c87ef	native_implementation
R0544	runtime_source	src/runtime/valkey_jsc/index.rs	index.rs	1	7157d965baa69b3aca594a32be4725512fa4ae4708e1e9ab8c8a93281aa94eea	native_implementation
R0545	runtime_source	src/runtime/valkey_jsc/js_valkey.rs	js_valkey.rs	1	527ae2325249d085c1bfe2554bb2eef530923e286f32a6825507bde95a60b692	native_implementation
R0546	runtime_source	src/runtime/valkey_jsc/js_valkey_functions.rs	js_valkey_functions.rs	1	5e529e4765b77265ab4321a17a380da411adc2e89a155c828643c96bd9160244	native_implementation
R0547	runtime_source	src/runtime/valkey_jsc/mod.rs	mod.rs	1	87a746b8e7e418f9fa3f52cd90338597c81bb45964378d45b6e040ca1746b2fc	native_implementation
R0548	runtime_source	src/runtime/valkey_jsc/protocol_jsc.rs	protocol_jsc.rs	1	df86f9e77ff5f6757341b0fd0731451c83ba98900940da99c28b0481a9a9e2f6	native_implementation
R0549	runtime_source	src/runtime/valkey_jsc/valkey.classes.ts	valkey.classes.ts	1	ffe893528f434cfff4544d8700004a43b985cefd6b9e1fe1a1be1e22e6317add	native_implementation
R0550	runtime_source	src/runtime/valkey_jsc/valkey.rs	valkey.rs	1	01fe0a5d8f828220079d28b179fe8aed45ded289deaa6c143fad57522a426031	native_implementation
R0551	runtime_source	src/runtime/webcore.rs	webcore.rs	1	da0a950c87552ba6563d1a4f5748304f2215d54156c5a5c6803e25046a54ed12	native_implementation
R0552	runtime_source	src/runtime/webcore/ArrayBufferSink.rs	ArrayBufferSink.rs	1	80e22fb4322f7d0a79f30b070c17883ab3ac93b699993978f1ce1e5147576a0c	native_implementation
R0553	runtime_source	src/runtime/webcore/BakeResponse.rs	BakeResponse.rs	1	5e12dd39b40a2d933d9cab9edab0be1a3cadf8e90501d1577f8b768ecd07a4f7	native_implementation
R0554	runtime_source	src/runtime/webcore/Blob.rs	Blob.rs	1	1a69ed3795a4193db1881cc5bb999fd404ae9116e57b1a45ccdf7c739630247a	native_implementation
R0555	runtime_source	src/runtime/webcore/Body.rs	Body.rs	1	f14484560eeed4f9d1c8ec37853b1fc6b3ae2d5a580bbc8c5239a68e2e5a3fdf	native_implementation
R0556	runtime_source	src/runtime/webcore/ByteBlobLoader.rs	ByteBlobLoader.rs	1	b3b2e7a6e7aedc842e4e2b150a1af7b31b02dbc130db03e71e4894c2271af2a6	native_implementation
R0557	runtime_source	src/runtime/webcore/ByteStream.rs	ByteStream.rs	1	35e1bdfdd382952390d40e63ae131ef7d7d1a8174e61423b7c27a5151b61e055	native_implementation
R0558	runtime_source	src/runtime/webcore/CookieMap.rs	CookieMap.rs	1	845f03bc5c4b51918d19e2aa31a6fe86490ddacf7a40b1cd7c277da0d2ee6dd1	native_implementation
R0559	runtime_source	src/runtime/webcore/Crypto.rs	Crypto.rs	1	a935c135e33d13ab378b179685b373e2f824543c03d2207c6b5bb82219f2fb52	native_implementation
R0560	runtime_source	src/runtime/webcore/EncodingLabel.rs	EncodingLabel.rs	1	5e74ac8c43f3ee064b6ea289af67afa4e52587b802213c7cef50dc6744fcad8d	native_implementation
R0561	runtime_source	src/runtime/webcore/FileReader.rs	FileReader.rs	1	1573d54d6d20e2489dcec989283ab34311ad1261dc3676d9099d5803e4c80551	native_implementation
R0562	runtime_source	src/runtime/webcore/FileSink.rs	FileSink.rs	1	276b128165d691374908a2e74e4af50ee0673c9c5de464cd7b991d09be9a72fa	native_implementation
R0563	runtime_source	src/runtime/webcore/FormData.rs	FormData.rs	1	f48c4525c69350ec7fd4be578d683824f2286ccaf45f856f6f10aa4add006877	native_implementation
R0564	runtime_source	src/runtime/webcore/ObjectURLRegistry.rs	ObjectURLRegistry.rs	1	3a17c9cc6b0379e68c2c2b010a741f29d0d1c5ed57da070544ed1352dbfb0d6c	native_implementation
R0565	runtime_source	src/runtime/webcore/ReadableStream.rs	ReadableStream.rs	1	ff26605ba7bc3867c26455738a23225692365fd3df1896c1e0ea04ddaa83f3b2	native_implementation
R0566	runtime_source	src/runtime/webcore/Request.rs	Request.rs	1	24d6e2a9b75a9ccb61b9b009ac4717b8e0e8cf71209b07aadb4f1e51aef0dffb	native_implementation
R0567	runtime_source	src/runtime/webcore/Response.rs	Response.rs	1	f66dc1ad1a0bd03cf0b552cec8d568e5c0785649952e266e60cc175a47cba509	native_implementation
R0568	runtime_source	src/runtime/webcore/ResumableSink.rs	ResumableSink.rs	1	ce1c4355ec48f967a9c512a080e036fdec5f3eaa5f2e04a4d317d323c509d10b	native_implementation
R0569	runtime_source	src/runtime/webcore/S3Client.rs	S3Client.rs	1	e5b2ad67aa14ef2a8a8c02b78973d2f1995f490ef14e4ceca3f108a0ac7a3ed7	native_implementation
R0570	runtime_source	src/runtime/webcore/S3File.rs	S3File.rs	1	035931afd42c7c3a3f288aa57103f2cdb650f48a8ced881f31b3ad940f3e3fdb	native_implementation
R0571	runtime_source	src/runtime/webcore/S3Stat.rs	S3Stat.rs	1	e04854916bffd4a1974632207431c9a69caad9204ff4bc74b15df71bf896349d	native_implementation
R0572	runtime_source	src/runtime/webcore/ScriptExecutionContext.rs	ScriptExecutionContext.rs	1	8f7a298973886760e8f82cff3868079b6228de6bd801d315b897f3f9bbbe40be	native_implementation
R0573	runtime_source	src/runtime/webcore/Sink.rs	Sink.rs	1	960e19d5238925b2d281f28bd93613ea7c2601971d6af618a8714499903a3344	native_implementation
R0574	runtime_source	src/runtime/webcore/TextDecoder.rs	TextDecoder.rs	1	4956c2cb9a89bbb82a9ee13b9d90b89891ba454d1ec7758fc4e0dad0d2fed7a4	native_implementation
R0575	runtime_source	src/runtime/webcore/TextEncoder.rs	TextEncoder.rs	1	f454d8cfb96308d121537deaf4eb32dea92f6d3c84ed1889723feb2947f229c1	native_implementation
R0576	runtime_source	src/runtime/webcore/TextEncoderStreamEncoder.rs	TextEncoderStreamEncoder.rs	1	508f7fd4235f09dd42a90b1cfa09f7c1ae47bd8cb4e7f2a18fb395b91e84683d	native_implementation
R0577	runtime_source	src/runtime/webcore/blob/Store.rs	Store.rs	1	d3a7e45d80acf12a5342778bb4951d61c0e16f159d4b0bc1183f547d8d06746d	native_implementation
R0578	runtime_source	src/runtime/webcore/blob/copy_file.rs	copy_file.rs	1	861adf63c1109499c65807d72965c86c9f8a9b9b8b3fe6348c2c3a44ecd38260	native_implementation
R0579	runtime_source	src/runtime/webcore/blob/read_file.rs	read_file.rs	1	40774d3809b0b4084be37a462bef992d6d8414c1d84076998dddc8d44e2d68c7	native_implementation
R0580	runtime_source	src/runtime/webcore/blob/write_file.rs	write_file.rs	1	6f7178f87312f5d3d91d457cbe1ffc294c04004210a6f74f4511359e309fb0df	native_implementation
R0581	runtime_source	src/runtime/webcore/encoding.classes.ts	encoding.classes.ts	1	11385080502d1257e63e9874cfe1ede3b8157726318c33f8b45d2313c2cc11e0	native_implementation
R0582	runtime_source	src/runtime/webcore/encoding.rs	encoding.rs	1	2033dc15f7a765c18055f371f9a3cf676330ea602d63c1b49f4c5d93e8db8a5b	native_implementation
R0583	runtime_source	src/runtime/webcore/fetch.rs	fetch.rs	1	c2564319e3470afc51e62b961b9635458547ebc910746f54fb4ee601ee1a2f05	native_implementation
R0584	runtime_source	src/runtime/webcore/fetch/FetchTasklet.rs	FetchTasklet.rs	1	8d4a6f237a7e86998f0ef5c8fa1f671e0b5c62b42d90c1cc6a13d92d2e75e90b	native_implementation
R0585	runtime_source	src/runtime/webcore/fetch/compress_body.rs	compress_body.rs	1	6e8c13e1bc1bf4b48b9456832db443e92c0a7151f486f9796c119115279ee252	native_implementation
R0586	runtime_source	src/runtime/webcore/headers_ref.rs	headers_ref.rs	1	5d014e122723d77ed38cd1f703d396e2afffc9b54f934e207b9e829c80f16f8b	native_implementation
R0587	runtime_source	src/runtime/webcore/prompt.rs	prompt.rs	1	e0893bc933665e46716173f8f66ec39ee4c21d071d62dced2dc05eb786395d77	native_implementation
R0588	runtime_source	src/runtime/webcore/response.classes.ts	response.classes.ts	1	6496f9cd3fd9acd00343da8ebe705548ce827e5dd19580b1de04f73cf5b6ef32	native_implementation
R0589	runtime_source	src/runtime/webcore/s3/client.rs	client.rs	1	f10a83a1f341e0d1fcf5d6dc5476b8776e6e3c18b8e439581e75feac03266c22	native_implementation
R0590	runtime_source	src/runtime/webcore/s3/credentials_jsc.rs	credentials_jsc.rs	1	1c3dfa0b83c29aceb5164d5f0c12171ad1eb52ec0a542ecd69758b406ec4393d	native_implementation
R0591	runtime_source	src/runtime/webcore/s3/download_stream.rs	download_stream.rs	1	38a90ecf3e1557ad1e0cad522d153c9005cc56013bbaca20695c7ec9c8127485	native_implementation
R0592	runtime_source	src/runtime/webcore/s3/error_jsc.rs	error_jsc.rs	1	e2aaea51ca0ed72ad7ced4a9ff501c08cbc4bcf00cb24d905f29c064151a0663	native_implementation
R0593	runtime_source	src/runtime/webcore/s3/list_objects.rs	list_objects.rs	1	12c89b7d7d7fc18e2df3d2d87608b131f98a520f3d475ce32aebbf4148d6fef3	native_implementation
R0594	runtime_source	src/runtime/webcore/s3/multipart.rs	multipart.rs	1	cec4618fc2e417e32acc17e0b0930526a22940283b44967046dd9ee4cc321a69	native_implementation
R0595	runtime_source	src/runtime/webcore/s3/simple_request.rs	simple_request.rs	1	7da3aa97fe5902e199de5fa39e9f3effc53663fb511ba4e3773e5d1c3a201525	native_implementation
R0596	runtime_source	src/runtime/webcore/streams.rs	streams.rs	1	87841c3d048d26e8a29e9691e4764516e0928cdc245d35c3e0ff199eafd1cd89	native_implementation
R0597	runtime_source	src/runtime/webcore/wasm_streaming.rs	wasm_streaming.rs	1	abb069c39eddb8237748692ce8cab26a7efb74ef906e3174cd4a54dc9faf7539	native_implementation
R0598	runtime_source	src/runtime/webview/ChromeBackend.cpp	ChromeBackend.cpp	1	fd70f7fb7e8e8b2cf3ae4ca92a611831ecbd839798154cf27f2183276a306e4c	native_implementation
R0599	runtime_source	src/runtime/webview/ChromeBackend.h	ChromeBackend.h	1	53805416d1126ede7aee5e06b1a0912f354a61ebe1cbb1999d614918b2d29aee	native_implementation
R0600	runtime_source	src/runtime/webview/ChromeProcess.rs	ChromeProcess.rs	1	0c416222ba0dce194a1ad79906a9be2a117aa13b03da2dd2cd35993433562fae	native_implementation
R0601	runtime_source	src/runtime/webview/HostProcess.rs	HostProcess.rs	1	0274cf68f847977f05c58c573d00f3540fa7f81d83b80499ad820979172140c4	native_implementation
R0602	runtime_source	src/runtime/webview/JSWebView.cpp	JSWebView.cpp	1	2162d6affbaca96dc4e2457ee6b9d972e3af26cda62936df033840a026f2f79d	native_implementation
R0603	runtime_source	src/runtime/webview/JSWebView.h	JSWebView.h	1	2b3985e47c55cb5c10cdfe05d631692fdc65729c6352b504dee8823edd9a2bc4	native_implementation
R0604	runtime_source	src/runtime/webview/JSWebViewConstructor.cpp	JSWebViewConstructor.cpp	1	bf13bb3432bbb59e6018feff50469fac33a8e25184c42aca2652ece0688cb0a8	native_implementation
R0605	runtime_source	src/runtime/webview/JSWebViewPrototype.cpp	JSWebViewPrototype.cpp	1	ea5cc5db01a8eb29a79e2f014d656f91bc35595f036900a595f7db79528a0660	native_implementation
R0606	runtime_source	src/runtime/webview/ObjCRuntime.cpp	ObjCRuntime.cpp	1	f6d13e3017263e23cad108acc3119c9f509363a98cc15fc423eb26b83bbd712b	native_implementation
R0607	runtime_source	src/runtime/webview/ObjCRuntime.h	ObjCRuntime.h	1	97412964200974316c33639855fa4ee7886c984d8a2dacbd247df34fdeae0c07	native_implementation
R0608	runtime_source	src/runtime/webview/WebKitBackend.cpp	WebKitBackend.cpp	1	1b0a62d806d10c23c8de63a1adf8056f62d0c855b75b7fbe35f8d94e5fedde26	native_implementation
R0609	runtime_source	src/runtime/webview/WebKitBackend.h	WebKitBackend.h	1	e930f07699496406f7f71bd60ca54f3079e13fa05ddcf333b1a08fd965d9a50f	native_implementation
R0610	runtime_source	src/runtime/webview/WebViewEventTarget.h	WebViewEventTarget.h	1	1107d7fac26b42a090837fbdb8f6e6a4dc857408a3acbf43a4a0df025f90d282	native_implementation
R0611	runtime_source	src/runtime/webview/WebViewHost.cpp	WebViewHost.cpp	1	427328b2208f82ee031db930041f7763edda25920e0a397d422d5e2a78c61404	native_implementation
R0612	runtime_source	src/runtime/webview/WebViewHost.h	WebViewHost.h	1	c658d461476d97fff98012d7edf3d5903d4138c37cf6c585a16f0f5fa85391a6	native_implementation
R0613	runtime_source	src/runtime/webview/host_main.cpp	host_main.cpp	1	5ab910ece1b2ce88dbe7209869ecd99d1fba6a31ac8023376d932696e90aa346	native_implementation
R0614	runtime_source	src/runtime/webview/ipc_protocol.h	ipc_protocol.h	1	926111af02935e2fe212e336d5a368b651a4d7c2c73a6829c2eb9faa5e4946e0	native_implementation
R0615	runtime_source	src/runtime/webview/mod.rs	mod.rs	1	87fdfd9d6c4b21fda2f1471a1b5143fff7ef7dfcea93d69d49f830b418e58238	native_implementation
